銘柄コード,銘柄名,現在のステージ
1301.T,極洋,1
1305.T,ｉＦｒｅｅＥＴＦ　ＴＯＰＩＸ（年１回決算型）,1
1306.T,ＮＥＸＴ　ＦＵＮＤＳ　ＴＯＰＩＸ連動型上場投信,1
1308.T,上場インデックスファンドＴＯＰＩＸ,1
1309.T,ＮＥＸＴ　ＦＵＮＤＳ　ＣｈｉｎａＡＭＣ・中国株式・上証５０連動型上場投信,1
130A.T,Ｖｅｒｉｔａｓ　Ｉｎ　Ｓｉｌｉｃｏ,6
1311.T,ＮＥＸＴ　ＦＵＮＤＳ　ＴＯＰＩＸ　Ｃｏｒｅ　３０連動型上場投信,1
1319.T,ＮＥＸＴ　ＦＵＮＤＳ　日経３００株価指数連動型上場投信,1
1320.T,ｉＦｒｅｅＥＴＦ　日経２２５（年１回決算型）,1
1321.T,ＮＥＸＴ　ＦＵＮＤＳ　日経２２５連動型上場投信,1
1322.T,上場インデックスファンド中国Ａ株（パンダ）Ｅ　Ｆｕｎｄ　ＣＳＩ３００,1
1325.T,ＮＥＸＴ　ＦＵＮＤＳ　ブラジル株式指数・ボベスパ連動型上場投信,1
1326.T,ＳＰＤＲゴールド・シェア,1
1328.T,ＮＥＸＴ　ＦＵＮＤＳ　金価格連動型上場投信,1
1329.T,ｉシェアーズ・コア　日経２２５　ＥＴＦ,1
1330.T,上場インデックスファンド２２５,1
1332.T,ニッスイ,1
1333.T,マルハニチロ,1
133A.T,グローバルＸ　超短期米国債　ＥＴＦ,1
1343.T,ＮＥＸＴ　ＦＵＮＤＳ　東証ＲＥＩＴ　指数連動型上場投信,1
1345.T,上場インデックスファンドＪリート（東証ＲＥＩＴ指数）隔月分配型,1
1346.T,ＭＡＸＩＳ　日経２２５上場投信,1
1348.T,ＭＡＸＩＳ　トピックス上場投信,1
1349.T,ＡＢＦ汎アジア債券インデックス・ファンド,1
1356.T,ＴＯＰＩＸベア２倍上場投信,4
1357.T,ＮＥＸＴ　ＦＵＮＤＳ　日経平均ダブルインバース・インデックス連動型上場投信,4
1358.T,上場インデックスファンド日経レバレッジ指数,1
135A.T,ＶＲＡＩＮ　Ｓｏｌｕｔｉｏｎ,4
1360.T,日経平均ベア２倍上場投信,4
1364.T,ｉシェアーズ　ＪＰＸ日経４００　ＥＴＦ,1
1365.T,ｉＦｒｅｅＥＴＦ　日経平均レバレッジ・インデックス,1
1366.T,ｉＦｒｅｅＥＴＦ　日経平均ダブルインバース・インデックス,4
1367.T,ｉＦｒｅｅＥＴＦ　ＴＯＰＩＸレバレッジ（２倍）指数,1
1368.T,ｉＦｒｅｅＥＴＦ　ＴＯＰＩＸダブルインバース（－２倍）指数,4
1369.T,Ｏｎｅ　ＥＴＦ　日経２２５,1
1375.T,ユキグニファクトリー,1
1376.T,カネコ種苗,6
1377.T,サカタのタネ,3
1379.T,ホクト,1
137A.T,Ｃｏｃｏｌｉｖｅ,3
1380.T,秋川牧園,1
1381.T,アクシーズ,4
1382.T,ホーブ,2
1383.T,ベルグアース,1
1384.T,ホクリヨウ,1
138A.T,光フードサービス,1
1397.T,ＳＭＤＡＭ　日経２２５上場投信,1
1398.T,ＳＭＤＡＭ　東証ＲＥＩＴ指数上場投信,1
1399.T,上場インデックスファンドＭＳＣＩ日本株高配当低ボラティリティ,1
1401.T,エムビーエス,2
1407.T,ウエストホールディングス,3
140A.T,ｉＦｒｅｅＥＴＦ　米国１０年国債先物インバース,6
1414.T,ショーボンドホールディングス,6
1417.T,ミライト・ワン,1
1418.T,インターライフホールディングス,1
1419.T,タマホーム,5
141A.T,トライアルホールディングス,1
1420.T,サンヨーホームズ,4
1429.T,日本アクア,1
142A.T,ジンジブ,1
1430.T,ファーストコーポレーション,6
1431.T,Ｌｉｂ　Ｗｏｒｋ,5
1433.T,ベステラ,1
1434.T,ＪＥＳＣＯホールディングス,2
1435.T,ｒｏｂｏｔ　ｈｏｍｅ,1
1436.T,グリーンエナジー＆カンパニー,1
1438.T,岐阜造園,3
143A.T,イシン,3
1443.T,技研ホールディングス,2
1444.T,ニッソウ,1
1446.T,キャンディル,1
1447.T,ＳＡＡＦホールディングス,4
1450.T,ＴＡＮＡＫＥＮ,1
1456.T,ｉＦｒｅｅＥＴＦ　日経平均インバース・インデックス,4
1457.T,ｉＦｒｅｅＥＴＦ　ＴＯＰＩＸインバース（－１倍）指数,4
1458.T,楽天ＥＴＦ‐日経レバレッジ指数連動型,1
1459.T,楽天ＥＴＦ‐日経ダブルインバース指数連動型,4
145A.T,Ｌ　ｉｓ　Ｂ,1
1466.T,ｉＦｒｅｅＥＴＦ　ＪＰＸ日経４００ダブルインバース・インデックス,4
1469.T,ＪＰＸ日経４００ベア２倍上場投信（ダブルインバース）,4
146A.T,コロンビア・ワークス,1
1472.T,ＮＥＸＴ　ＦＵＮＤＳ　ＪＰＸ日経４００ダブルインバース・インデックス連動型上場投信,4
1473.T,Ｏｎｅ　ＥＴＦ　トピックス,1
1474.T,Ｏｎｅ　ＥＴＦ　ＪＰＸ日経４００,1
1475.T,ｉシェアーズ・コア　ＴＯＰＩＸ　ＥＴＦ,1
1476.T,ｉシェアーズ・コア　Ｊリート　ＥＴＦ,1
1477.T,ｉシェアーズ　ＭＳＣＩ　日本株最小分散　ＥＴＦ,1
1478.T,ｉシェアーズ　ＭＳＣＩ　ジャパン高配当利回り　ＥＴＦ,5
1479.T,ｉＦｒｅｅＥＴＦ　ＭＳＣＩ日本株人材設備投資指数,1
147A.T,ソラコム,1
1480.T,ＮＥＸＴ　ＦＵＮＤＳ　野村企業価値分配指数連動型上場投信,2
1481.T,上場インデックスファンド日本経済貢献株,1
1482.T,ｉシェアーズ・コア　米国債７－１０年　ＥＴＦ（為替ヘッジあり）,3
1483.T,ｉシェアーズ　ＪＰＸ／Ｓ＆Ｐ設備・人材投資　ＥＴＦ,1
1484.T,Ｏｎｅ　ＥＴＦ　ＪＰＸ／Ｓ＆Ｐ　設備・人材投資指数,1
1485.T,ＭＡＸＩＳ　ＪＡＰＡＮ　設備・人材積極投資企業２００上場投信,1
1486.T,上場インデックスファンド米国債券（為替ヘッジなし）,1
1487.T,上場インデックスファンド米国債券（為替ヘッジあり）,3
1488.T,ｉＦｒｅｅＥＴＦ　東証ＲＥＩＴ指数,1
1489.T,ＮＥＸＴ　ＦＵＮＤＳ　日経平均高配当株５０指数連動型上場投信,1
148A.T,ハッチ・ワーク,2
1490.T,上場インデックスファンドＭＳＣＩ日本株高配当低ボラティリティ（βヘッジ）,1
1491.T,中外鉱業,1
1493.T,Ｏｎｅ　ＥＴＦ　ＪＰＸ日経中小型,1
1494.T,Ｏｎｅ　ＥＴＦ　高配当日本株,1
1495.T,上場インデックスファンドアジアリート,1
1496.T,ｉシェアーズ　米ドル建て投資適格社債　ＥＴＦ（為替ヘッジあり）,2
1497.T,ｉシェアーズ　米ドル建てハイイールド社債　ＥＴＦ（為替ヘッジあり）,1
1498.T,Ｏｎｅ　ＥＴＦ　ＥＳＧ,1
1499.T,ＭＡＸＩＳ日本株高配当７０マーケットニュートラル上場投信,4
149A.T,シンカ,4
150A.T,ＪＳＨ,4
1514.T,住石ホールディングス,4
1515.T,日鉄鉱業,1
1518.T,三井松島ホールディングス,1
151A.T,ダイブ,3
153A.T,カウリス,1
1540.T,純金上場信託（現物国内保管型）,1
1541.T,純プラチナ上場信託（現物国内保管型）,1
1542.T,純銀上場信託（現物国内保管型）,1
1543.T,純パラジウム上場信託（現物国内保管型）,1
1545.T,ＮＥＸＴ　ＦＵＮＤＳ　ＮＡＳＤＡＱ－１００（為替ヘッジなし）連動型上場投信,1
1546.T,ＮＥＸＴ　ＦＵＮＤＳ　ダウ・ジョーンズ工業株３０種平均株価（為替ヘッジなし）連動型上場投信,1
1547.T,上場インデックスファンド米国株式（Ｓ＆Ｐ５００）,1
1550.T,ＭＡＸＩＳ　海外株式（ＭＳＣＩコクサイ）上場投信,1
1551.T,東証スタンダードＴＯＰ２０ＥＴＦ,1
1554.T,上場インデックスファンド世界株式（ＭＳＣＩ　ＡＣＷＩ）除く日本,1
1555.T,上場インデックスファンド豪州リート（Ｓ＆Ｐ／ＡＳＸ２００　Ａ－ＲＥＩＴ）,1
1557.T,ＳＰＤＲ　Ｓ＆Ｐ５００　ＥＴＦ,1
1559.T,ＮＥＸＴ　ＦＵＮＤＳ　タイ株式ＳＥＴ５０指数連動型上場投信,1
155A.T,情報戦略テクノロジー,1
1560.T,ＮＥＸＴ　ＦＵＮＤＳ　ＦＴＳＥブルサ・マレーシアＫＬＣＩ連動型上場投信,1
1563.T,東証グロース・コアＥＴＦ,4
1566.T,上場インデックスファンド新興国債券,1
1568.T,ＴＯＰＩＸブル２倍上場投信,1
1569.T,ＴＯＰＩＸベア上場投信,4
156A.T,マテリアルグループ,2
1570.T,ＮＥＸＴ　ＦＵＮＤＳ　日経平均レバレッジ・インデックス連動型上場投信,1
1571.T,ＮＥＸＴ　ＦＵＮＤＳ　日経平均インバース・インデックス連動型上場投信,4
1572.T,中国Ｈ株ブル２倍上場投信,1
1573.T,中国Ｈ株ベア上場投信,4
1577.T,ＮＥＸＴ　ＦＵＮＤＳ　野村日本株高配当７０連動型上場投信,1
1578.T,上場インデックスファンド日経２２５（ミニ）,1
1579.T,日経平均ブル２倍上場投信,1
157A.T,グリーンモンスター,4
1580.T,日経平均ベア上場投信,4
1585.T,ｉＦｒｅｅＥＴＦ　ＴＯＰＩＸ　Ｅｘ－Ｆｉｎａｎｃｉａｌｓ,1
1586.T,上場インデックスファンドＴＯＰＩＸ　Ｅｘ－Ｆｉｎａｎｃｉａｌｓ,1
1591.T,ＮＥＸＴ　ＦＵＮＤＳ　ＪＰＸ日経インデックス４００連動型上場投信,1
1592.T,上場インデックスファンドＪＰＸ日経インデックス４００,1
1593.T,ＭＡＸＩＳ　ＪＰＸ日経インデックス４００上場投信,1
1595.T,ＮＺＡＭ　上場投信　東証ＲＥＩＴ指数,1
1596.T,ＮＺＡＭ　上場投信　ＴＯＰＩＸ　Ｅｘ－Ｆｉｎａｎｃｉａｌｓ,1
1597.T,ＭＡＸＩＳ　Ｊリート上場投信,1
1599.T,ｉＦｒｅｅＥＴＦ　ＪＰＸ日経４００,1
159A.T,ＮＥＸＴ　ＦＵＮＤＳ　ＪＰＸプライム１５０指数連動型上場投信,1
1605.T,ＩＮＰＥＸ,1
160A.T,アズパートナーズ,1
1615.T,ＮＥＸＴ　ＦＵＮＤＳ　東証銀行業株価指数連動型上場投信,1
1617.T,ＮＥＸＴ　ＦＵＮＤＳ　食品（ＴＯＰＩＸ－１７）上場投信,6
1618.T,ＮＥＸＴ　ＦＵＮＤＳ　エネルギー資源（ＴＯＰＩＸ－１７）上場投信,1
1619.T,ＮＥＸＴ　ＦＵＮＤＳ　建設・資材（ＴＯＰＩＸ－１７）上場投信,1
1620.T,ＮＥＸＴ　ＦＵＮＤＳ　素材・化学（ＴＯＰＩＸ－１７）上場投信,1
1621.T,ＮＥＸＴ　ＦＵＮＤＳ　医薬品（ＴＯＰＩＸ－１７）上場投信,6
1622.T,ＮＥＸＴ　ＦＵＮＤＳ　自動車・輸送機（ＴＯＰＩＸ－１７）上場投信,5
1623.T,ＮＥＸＴ　ＦＵＮＤＳ　鉄鋼・非鉄（ＴＯＰＩＸ－１７）上場投信,1
1624.T,ＮＥＸＴ　ＦＵＮＤＳ　機械（ＴＯＰＩＸ－１７）上場投信,1
1625.T,ＮＥＸＴ　ＦＵＮＤＳ　電機・精密（ＴＯＰＩＸ－１７）上場投信,1
1626.T,ＮＥＸＴ　ＦＵＮＤＳ　情報通信・サービスその他（ＴＯＰＩＸ－１７）上場投信,1
1627.T,ＮＥＸＴ　ＦＵＮＤＳ　電力・ガス（ＴＯＰＩＸ－１７）上場投信,1
1628.T,ＮＥＸＴ　ＦＵＮＤＳ　運輸・物流（ＴＯＰＩＸ－１７）上場投信,1
1629.T,ＮＥＸＴ　ＦＵＮＤＳ　商社・卸売（ＴＯＰＩＸ－１７）上場投信,1
162A.T,ＡＩセレクトメガトレンド　日本株（ネットリターン）ＥＴＮ,1
1630.T,ＮＥＸＴ　ＦＵＮＤＳ　小売（ＴＯＰＩＸ－１７）上場投信,3
1631.T,ＮＥＸＴ　ＦＵＮＤＳ　銀行（ＴＯＰＩＸ－１７）上場投信,1
1632.T,ＮＥＸＴ　ＦＵＮＤＳ　金融（除く銀行）（ＴＯＰＩＸ－１７）上場投信,1
1633.T,ＮＥＸＴ　ＦＵＮＤＳ　不動産（ＴＯＰＩＸ－１７）上場投信,3
163A.T,半導体フォーカス　日本株（ネットリターン）ＥＴＮ,1
1651.T,ｉＦｒｅｅＥＴＦ　ＴＯＰＩＸ高配当４０指数,1
1652.T,ｉＦｒｅｅＥＴＦ　ＭＳＣＩ日本株女性活躍指数（ＷＩＮ）,1
1653.T,ｉＦｒｅｅＥＴＦ　ＭＳＣＩジャパンＥＳＧセレクト・リーダーズ指数,1
1654.T,ｉＦｒｅｅＥＴＦ　ＦＴＳＥ　Ｂｌｏｓｓｏｍ　Ｊａｐａｎ　Ｉｎｄｅｘ,1
1655.T,ｉシェアーズ　Ｓ＆Ｐ　５００　米国株　ＥＴＦ,1
1656.T,ｉシェアーズ・コア　米国債７－１０年　ＥＴＦ,1
1657.T,ｉシェアーズ・コア　ＭＳＣＩ　先進国株（除く日本）ＥＴＦ,1
1658.T,ｉシェアーズ・コア　ＭＳＣＩ　新興国株　ＥＴＦ,1
1659.T,ｉシェアーズ　米国リート　ＥＴＦ,1
165A.T,ＳＢＩレオスひふみ,1
1660.T,ＭＡＸＩＳ高利回りＪリート上場投信,1
1662.T,石油資源開発,1
1663.T,Ｋ＆Ｏエナジーグループ,4
166A.T,タスキホールディングス,1
1671.T,ＷＴＩ原油価格連動型上場投信,1
1672.T,ＷｉｓｄｏｍＴｒｅｅ　金上場投資信託,1
1673.T,ＷｉｓｄｏｍＴｒｅｅ　銀上場投資信託,1
1674.T,ＷｉｓｄｏｍＴｒｅｅ　白金上場投資信託,1
1675.T,ＷｉｓｄｏｍＴｒｅｅ　パラジウム上場投資信託,1
1676.T,ＷｉｓｄｏｍＴｒｅｅ　貴金属バスケット上場投資信託,1
1677.T,上場インデックスファンド海外債券（ＦＴＳＥ　ＷＧＢＩ）毎月分配型,1
1678.T,ＮＥＸＴ　ＦＵＮＤＳ　インド株式指数・Ｎｉｆｔｙ　５０　連動型上場投信,1
1679.T,Ｓｉｍｐｌｅ－Ｘ　ＮＹ　ダウ・ジョーンズ・インデックス上場投信,1
167A.T,リョーサン菱洋ホールディングス,1
1680.T,上場インデックスファンド海外先進国株式（ＭＳＣＩ－ＫＯＫＵＳＡＩ）,1
1681.T,上場インデックスファンド海外新興国株式（ＭＳＣＩ　エマージング）,1
1684.T,ＷｉｓｄｏｍＴｒｅｅ　ブロード上場投資信託,1
1685.T,ＷｉｓｄｏｍＴｒｅｅ　エネルギー上場投資信託,1
1686.T,ＷｉｓｄｏｍＴｒｅｅ　産業用金属上場投資信託,1
1687.T,ＷｉｓｄｏｍＴｒｅｅ　農産物上場投資信託,6
1688.T,ＷｉｓｄｏｍＴｒｅｅ　穀物上場投資信託,6
1689.T,ＷｉｓｄｏｍＴｒｅｅ　天然ガス上場投資信託,6
168A.T,イタミアート,4
1690.T,ＷｉｓｄｏｍＴｒｅｅ　ＷＴＩ　原油上場投資信託,1
1691.T,ＷｉｓｄｏｍＴｒｅｅ　ガソリン上場投資信託,1
1692.T,ＷｉｓｄｏｍＴｒｅｅ　アルミニウム上場投資信託,1
1693.T,ＷｉｓｄｏｍＴｒｅｅ　銅上場投資信託,1
1694.T,ＷｉｓｄｏｍＴｒｅｅ　ニッケル上場投資信託,6
1695.T,ＷｉｓｄｏｍＴｒｅｅ　小麦上場投資信託,1
1696.T,ＷｉｓｄｏｍＴｒｅｅ　とうもろこし上場投資信託,5
1697.T,ＷｉｓｄｏｍＴｒｅｅ　大豆上場投資信託,1
1698.T,上場インデックスファンド日本高配当（東証配当フォーカス１００）,1
1699.T,ＮＥＸＴ　ＦＵＮＤＳ　ＮＯＭＵＲＡ　原油インデックス連動型上場投信,1
170A.T,ＳＭＴ　ＥＴＦ日本好配当株アクティブ,1
1711.T,ＳＤＳホールディングス,4
1712.T,ダイセキ環境ソリューション,1
1716.T,第一カッター興業,4
1717.T,明豊ファシリティワークス,1
1718.T,美樹工業,1
1719.T,安藤・間,1
171A.T,ゼロジャパン,1
1720.T,東急建設,1
1721.T,コムシスホールディングス,1
1723.T,日本電技,1
1724.T,シンクレイヤ,1
1726.T,ビーアールホールディングス,1
1736.T,オーテック,1
173A.T,ハンモック,4
1743.T,コーアツ工業,1
1757.T,創建エース,4
1758.T,太洋基礎工業,1
175A.T,Ｗｉｌｌ　Ｓｍａｒｔ,1
1762.T,高松コンストラクショングループ,1
1764.T,工藤建設,4
1766.T,東建コーポレーション,1
1768.T,ソネック,3
176A.T,レジル,3
1770.T,藤田エンジニアリング,1
1773.T,ワイ・ティー・エル・コーポレーション・バーハッド,1
1776.T,三井住建道路,1
177A.T,コージンバイオ,3
1780.T,ヤマウラ,1
1783.T,ｆａｎｔａｓｉｓｔａ,1
1786.T,オリエンタル白石,1
1787.T,ナカボーテック,1
1788.T,三東工業社,4
178A.T,グローバルＸ　革新的優良企業　ＥＴＦ,1
1793.T,大本組,1
1795.T,マサル,3
1798.T,守谷商会,1
1799.T,第一建設工業,1
179A.T,グローバルＸ　超長期米国債　ＥＴＦ（為替ヘッジあり）,3
1801.T,大成建設,1
1802.T,大林組,1
1803.T,清水建設,1
1807.T,佐藤渡辺,2
1808.T,長谷工コーポレーション,1
180A.T,グローバルＸ　超長期米国債　ＥＴＦ,1
1810.T,松井建設,1
1811.T,錢高組,1
1812.T,鹿島建設,2
1813.T,不動テトラ,2
1814.T,大末建設,1
1815.T,鉄建建設,1
1820.T,西松建設,6
1821.T,三井住友建設,1
1822.T,大豊建設,1
1826.T,佐田建設,6
1827.T,ナカノフドー建設,3
1828.T,田辺工業,1
182A.T,ＭＡＸＩＳ米国国債２０年超上場投信（為替ヘッジなし）,1
1833.T,奥村組,1
1835.T,東鉄工業,1
183A.T,ＭＡＸＩＳ米国国債２０年超上場投信（為替ヘッジあり）,3
1840.T,土屋ホールディングス,1
1841.T,サンユー建設,3
1844.T,大盛工業,1
1847.T,イチケン,2
1848.T,富士ピー・エス,1
184A.T,学びエイド,3
1850.T,南海辰村建設,1
1852.T,淺沼組,1
1853.T,森組,1
1860.T,戸田建設,1
1861.T,熊谷組,1
1866.T,北野建設,3
1867.T,植木組,1
186A.T,アストロスケールホールディングス,4
1870.T,矢作建設工業,1
1871.T,ピーエス・コンストラクション,1
1873.T,日本ハウスホールディングス,4
1878.T,大東建託,4
1879.T,新日本建設,1
1882.T,東亜道路工業,1
1884.T,日本道路,4
1885.T,東亜建設工業,1
1887.T,日本国土開発,3
1888.T,若築建設,1
188A.T,グローバルＸ　インド・トップ１０＋　ＥＴＦ,1
1890.T,東洋建設,1
1893.T,五洋建設,1
1897.T,金下建設,1
1898.T,世紀東急工業,3
1899.T,福田組,1
189A.T,Ｄ＆Ｍカンパニー,4
1904.T,大成温調,1
1905.T,テノックス,1
1909.T,日本ドライケミカル,1
190A.T,Ｃｈｏｒｄｉａ　Ｔｈｅｒａｐｅｕｔｉｃｓ,4
1911.T,住友林業,1
1914.T,日本基礎技術,1
1921.T,巴コーポレーション,1
1925.T,大和ハウス工業,4
1926.T,ライト工業,1
1928.T,積水ハウス,4
1929.T,日特建設,1
192A.T,インテグループ,4
1930.T,北陸電気工事,1
1934.T,ユアテック,1
1938.T,日本リーテック,1
1939.T,四電工,1
1941.T,中電工,1
1942.T,関電工,1
1944.T,きんでん,1
1945.T,東京エネシス,1
1946.T,トーエネック,1
1948.T,弘電社,1
1949.T,住友電設,1
194A.T,ＷＯＬＶＥＳ　ＨＡＮＤ,4
1950.T,日本電設工業,1
1951.T,エクシオグループ,1
1952.T,新日本空調,1
1959.T,九電工,1
195A.T,ライスカレー,4
1960.T,サンテック,1
1961.T,三機工業,1
1963.T,日揮ホールディングス,1
1964.T,中外炉工業,5
1965.T,テクノ菱和,1
1966.T,高田工業所,1
1967.T,ヤマト,1
1968.T,太平電業,1
1969.T,高砂熱学工業,1
196A.T,ＭＦＳ,4
1972.T,三晃金属工業,1
1975.T,朝日工業社,1
1976.T,明星工業,1
1979.T,大氣社,1
197A.T,タウンズ,4
1980.T,ダイダン,1
1981.T,協和日成,2
1982.T,日比谷総合設備,1
198A.T,ＰｏｓｔＰｒｉｍｅ,3
1992.T,神田通信機,1
1994.T,高橋カーテンウォール工業,1
1997.T,暁飯島工業,1
2001.T,ニップン,4
2002.T,日清製粉グループ本社,5
2003.T,日東富士製粉,4
2004.T,昭和産業,4
2009.T,鳥越製粉,4
200A.T,ＮＥＸＴ　ＦＵＮＤＳ　日経半導体株指数連動型上場投信,1
2011.T,ＳＭＤＡＭ　Ａｃｔｉｖｅ　ＥＴＦ　日本高配当株式,1
2012.T,ｉシェアーズ　米国債０－３ヶ月　ＥＴＦ,1
2013.T,ｉシェアーズ　米国高配当株　ＥＴＦ,1
2014.T,ｉシェアーズ　米国連続増配株　ＥＴＦ,1
2015.T,ｉＦｒｅｅＥＴＦ　米国国債７－１０年（為替ヘッジなし）,1
2016.T,ｉＦｒｅｅＥＴＦ　米国国債７－１０年（為替ヘッジあり）,3
2017.T,ｉＦｒｅｅＥＴＦ　ＪＰＸプライム１５０,1
2018.T,グローバルＸ　ＵＳ　ＲＥＩＴ・トップ２０　ＥＴＦ,1
2019.T,グローバルＸ　米国優先証券　ＥＴＦ（隔月分配型）,1
201A.T,ｉシェアーズ　Ｎｉｆｔｙ　５０　インド株　ＥＴＦ,1
202A.T,豆蔵デジタルホールディングス,1
2034.T,ＮＥＸＴ　ＮＯＴＥＳ　韓国ＫＯＳＰＩ・ベア　ＥＴＮ,4
2038.T,ＮＥＸＴ　ＮＯＴＥＳ　ドバイ原油先物　ダブル・ブル　ＥＴＮ,1
2039.T,ＮＥＸＴ　ＮＯＴＥＳ　ドバイ原油先物　ベア　ＥＴＮ,4
2042.T,ＮＥＸＴ　ＮＯＴＥＳ　東証グロース市場２５０　ＥＴＮ,1
2044.T,ＮＥＸＴ　ＮＯＴＥＳ　Ｓ＆Ｐ５００　配当貴族（ネットリターン）　ＥＴＮ,1
2046.T,ＮＥＸＴ　ＮＯＴＥＳ　インドＮｉｆｔｙ・ダブル・ブル　ＥＴＮ,1
2050.T,ＮＥＸＴ　ＮＯＴＥＳ　ニッチトップ　中小型日本株（ネットリターン）ＥＴＮ,1
2053.T,中部飼料,1
2055.T,日和産業,1
205A.T,ロゴスホールディングス,1
2060.T,フィード・ワン,1
206A.T,ＰＲＩＳＭ　ＢｉｏＬａｂ,4
2070.T,スマートＥＳＧ３０女性活躍（ネットリターン）ＥＴＮ,4
2071.T,スマートＥＳＧ３０総合（ネットリターン）ＥＴＮ,1
2072.T,トップシェアインデックス（ネットリターン）ＥＴＮ,1
2073.T,スマートＥＳＧ３０低カーボンリスク（ネットリターン）ＥＴＮ,1
2080.T,ＰＢＲ１倍割れ解消推進ＥＴＦ,1
2081.T,政策保有解消推進ＥＴＦ,1
2082.T,投資家経営者一心同体ＥＴＦ,1
2083.T,ＮＥＸＴ　ＦＵＮＤＳ　日本成長株アクティブ上場投信,1
2084.T,ＮＥＸＴ　ＦＵＮＤＳ　日本高配当株アクティブ上場投信,1
2085.T,ＭＡＸＩＳ高配当日本株アクティブ上場投信,1
2088.T,ＮＺＡＭ　上場投信　ＮＹダウ３０（為替ヘッジあり）,1
2089.T,ＮＺＡＭ　上場投信　ＤＡＸ（為替ヘッジあり）,1
208A.T,構造計画研究所ホールディングス,4
2090.T,ＮＺＡＭ　上場投信　米国国債７－１０年（為替ヘッジあり）,3
2091.T,ＮＺＡＭ　上場投信　ドイツ国債７－１０年（為替ヘッジあり）,6
2093.T,上場Ｔｒａｃｅｒｓ　米国債０－２年ラダー（為替ヘッジなし）,1
2094.T,東証ＲＥＩＴインバースＥＴＦ,4
2095.T,グローバルＸ　Ｓ＆Ｐ５００配当貴族　ＥＴＦ（為替ヘッジあり）,1
2096.T,グローバルＸ　オフィス・Ｊ－ＲＥＩＴ　ＥＴＦ,1
2097.T,グローバルＸ　レジデンシャル・Ｊ－ＲＥＩＴ　ＥＴＦ,1
2098.T,グローバルＸ　ホテル＆リテール・Ｊ－ＲＥＩＴ　ＥＴＦ,1
2108.T,日本甜菜製糖,1
2109.T,ＤＭ三井製糖,4
210A.T,ｉＦｒｅｅＥＴＦ　日経高利回りＲＥＩＴ指数,1
2112.T,塩水港精糖,1
2114.T,フジ日本,1
2117.T,ウェルネオシュガー,6
211A.T,カドス・コーポレーション,1
2120.T,ＬＩＦＵＬＬ,1
2121.T,ＭＩＸＩ,1
2122.T,インタースペース,4
2124.T,ジェイエイシーリクルートメント,1
2127.T,日本Ｍ＆Ａセンターホールディングス,2
212A.T,フィットイージー,1
2130.T,メンバーズ,2
2134.T,北浜キャピタルパートナーズ,2
2136.T,ヒップ,1
2138.T,クルーズ,4
2139.T,中広,1
213A.T,上場インデックスファンド日経半導体株,1
2146.T,ＵＴグループ,1
2148.T,アイティメディア,3
2150.T,ケアネット,1
2152.T,幼児活動研究会,1
2153.T,Ｅ・Ｊホールディングス,1
2154.T,オープンアップグループ,4
2156.T,セーラー広告,3
2157.T,コシダカホールディングス,1
2158.T,ＦＲＯＮＴＥＯ,4
215A.T,タイミー,1
2160.T,ジーエヌアイグループ,4
2162.T,ｎｍｓ　ホールディングス,4
2163.T,アルトナー,2
2164.T,地域新聞社,1
2168.T,パソナグループ,3
2169.T,ＣＤＳ,4
2170.T,リンクアンドモチベーション,4
2173.T,博展,1
2175.T,エス・エム・エス,3
2179.T,成学社,1
2180.T,サニーサイドアップグループ,1
2181.T,パーソルホールディングス,1
2183.T,リニカル,1
2185.T,シイエム・シイ,1
2186.T,ソーバル,1
218A.T,Ｌｉｂｅｒａｗａｒｅ,1
2193.T,クックパッド,1
2195.T,アミタホールディングス,1
2196.T,エスクリ,1
2198.T,アイ・ケイ・ケイホールディングス,6
219A.T,Ｈｅａｒｔｓｅｅｄ,1
2201.T,森永製菓,5
2204.T,中村屋,4
2206.T,江崎グリコ,4
2207.T,名糖産業,1
2208.T,ブルボン,4
2209.T,井村屋グループ,3
220A.T,Ｆａｂｅｒ　Ｃｏｍｐａｎｙ,6
2211.T,不二家,1
2212.T,山崎製パン,5
2215.T,第一屋製パン,4
2216.T,カンロ,1
2217.T,モロゾフ,4
221A.T,ＭＡＸＩＳ日経半導体株上場投信,1
2220.T,亀田製菓,1
2221.T,岩塚製菓,4
2222.T,寿スピリッツ,4
2224.T,コモ,1
2226.T,湖池屋,1
2229.T,カルビー,4
2235.T,上場インデックスファンド米国株式（ダウ平均）為替ヘッジなし,1
2236.T,グローバルＸ　Ｓ＆Ｐ５００配当貴族ＥＴＦ,1
2237.T,ｉＦｒｅｅＥＴＦ　Ｓ＆Ｐ５００レバレッジ,1
2238.T,ｉＦｒｅｅＥＴＦ　Ｓ＆Ｐ５００インバース,4
2239.T,上場インデックスファンドＳ＆Ｐ５００先物レバレッジ２倍,1
223A.T,グローバルＸ　ＡＩ＆ビッグデータ　ＥＴＦ,1
2240.T,上場インデックスファンドＳ＆Ｐ５００先物インバース,4
2241.T,ＭＡＸＩＳ　ＮＹダウ上場投信,1
2242.T,ＭＡＸＩＳ　ＮＹダウ上場投信（為替ヘッジあり）,1
2243.T,グローバルＸ　半導体　ＥＴＦ,1
2244.T,グローバルＸ　ＵＳ　テック・トップ２０　ＥＴＦ,1
2247.T,ｉＦｒｅｅＥＴＦ　Ｓ＆Ｐ５００（為替ヘッジなし）,1
2248.T,ｉＦｒｅｅＥＴＦ　Ｓ＆Ｐ５００（為替ヘッジあり）,1
2249.T,ｉＦｒｅｅＥＴＦ　Ｓ＆Ｐ５００ダブルインバース,4
224A.T,グローバルＸ　ウラニウムビジネス　ＥＴＦ,1
2250.T,ｉシェアーズ　ＭＳＣＩ　ジャパン気候変動アクション　ＥＴＦ,1
2251.T,ＮＥＸＴ　ＦＵＮＤＳ　ＪＰＸ国債先物ダブルインバース指数連動型上場投信,1
2252.T,グローバルＸ　Ｍｏｒｎｉｎｇｓｔａｒ　米国中小型　Ｍｏａｔ　ＥＴＦ,1
2253.T,グローバルＸ　スーパーディビィデンド－ＵＳ　ＥＴＦ,1
2254.T,グローバルＸ　チャイナＥＶ＆バッテリー　ＥＴＦ,1
2255.T,ｉシェアーズ　米国債２０年超　ＥＴＦ,1
2256.T,ｉシェアーズ　米国総合債券　ＥＴＦ,1
2257.T,ｉシェアーズ　米ドル建て投資適格社債　ＥＴＦ,1
2258.T,ｉシェアーズ　米ドル建てハイイールド社債　ＥＴＦ,1
2259.T,ｉシェアーズ　フランス国債７－１０年　ＥＴＦ（為替ヘッジあり）,4
2264.T,森永乳業,2
2266.T,六甲バター,1
2267.T,ヤクルト本社,4
2268.T,Ｂ－Ｒ　サーティワン　アイスクリーム,1
2269.T,明治ホールディングス,4
2270.T,雪印メグミルク,6
2281.T,プリマハム,1
2282.T,日本ハム,4
2286.T,林兼産業,1
2288.T,丸大食品,1
228A.T,オプロ,1
2291.T,福留ハム,1
2292.T,Ｓ　Ｆｏｏｄｓ,4
2293.T,滝沢ハム,6
2294.T,柿安本店,5
2296.T,伊藤ハム米久ホールディングス,1
2300.T,きょくとう,1
2301.T,学情,1
2303.T,ドーン,3
2304.T,ＣＳＳホールディングス,1
2305.T,スタジオアリス,3
2307.T,クロスキャット,4
2311.T,エプコ,2
2315.T,ＣＡＩＣＡ　ＤＩＧＩＴＡＬ,1
2317.T,システナ,3
2321.T,ソフトフロントホールディングス,2
2323.T,ｆｏｎｆｕｎ,1
2325.T,ＮＪＳ,2
2326.T,デジタルアーツ,1
2327.T,日鉄ソリューションズ,4
2329.T,東北新社,1
2330.T,フォーサイド,1
2331.T,綜合警備保障,1
2332.T,クエスト,1
2334.T,イオレ,1
2335.T,キューブシステム,1
2337.T,いちご,3
2338.T,クオンタムソリューションズ,6
233A.T,ｉＦｒｅｅＥＴＦ　インドＮｉｆｔｙ５０,1
2340.T,極楽湯ホールディングス,4
2341.T,アルバイトタイムス,1
2342.T,トランスジェニックグループ,1
2344.T,平安レイサービス,1
2345.T,クシム,4
2349.T,エヌアイデイ,1
234A.T,グローバルＸ　ＭＳＣＩ　キャッシュフローキング－日本株式　ＥＴＦ,1
2351.T,ＡＳＪ,1
2353.T,日本駐車場開発,1
2354.T,ＹＥ　ＤＩＧＩＴＡＬ,3
2359.T,コア,1
235A.T,グローバルＸ　高配当３０－日本株式　ＥＴＦ,1
236A.T,ｉシェアーズ　日本国債７－１０年　ＥＴＦ,4
2370.T,メディネット,1
2371.T,カカクコム,2
2373.T,ケア２１,1
2374.T,セントケア・ホールディング,3
2375.T,ギグワークス,4
2376.T,サイネックス,2
2378.T,ルネサンス,1
2379.T,ディップ,1
237A.T,ｉシェアーズ　米国債２５年超　ロングデュレーション　ＥＴＦ,2
2384.T,ＳＢＳホールディングス,1
2385.T,総医研ホールディングス,2
2388.T,ウェッジホールディングス,1
2389.T,デジタルホールディングス,5
238A.T,ｉシェアーズ　米国債２５年超　ロングデュレーション　ＥＴＦ（為替ヘッジあり）,4
2391.T,プラネット,1
2393.T,日本ケアサプライ,1
2395.T,新日本科学,2
2404.T,鉄人化ホールディングス,1
2408.T,ＫＧ情報,4
2410.T,キャリアデザインセンター,1
2411.T,ゲンダイエージェンシー,1
2413.T,エムスリー,4
2415.T,ヒューマンホールディングス,4
2418.T,ツカダ・グローバルホールディング,6
241A.T,ＲＯＸＸ,2
2424.T,ブラス,1
2425.T,ケアサービス,1
2428.T,ウェルネット,1
2429.T,ワールドホールディングス,2
2432.T,ディー・エヌ・エー,4
2433.T,博報堂ＤＹホールディングス,2
2435.T,シダー,4
2436.T,共同ピーアール,1
2437.T,Ｓｈｉｎｗａ　Ｗｉｓｅ　Ｈｏｌｄｉｎｇｓ,4
2438.T,アスカネット,4
2440.T,ぐるなび,3
2445.T,タカミヤ,4
2449.T,プラップジャパン,1
244A.T,グロースエクスパートナーズ,1
2454.T,オールアバウト,1
2459.T,アウンコンサルティング,4
245A.T,ＩＮＧＳ,1
2461.T,ファンコミュニケーションズ,1
2462.T,ライク,5
2464.T,Ａｏｂａ‐ＢＢＴ,1
2469.T,ヒビノ,3
246A.T,アスア,1
2471.T,エスプール,2
2475.T,ＷＤＢホールディングス,4
2477.T,手間いらず,5
2479.T,ジェイテック,4
247A.T,Ａｉロボティクス,1
2480.T,システム・ロケーション,6
2481.T,タウンニュース社,1
2483.T,翻訳センター,1
2484.T,出前館,4
2485.T,ティア,1
2488.T,ＪＴＰ,1
2489.T,アドウェイズ,1
248A.T,キッズスター,1
2491.T,バリューコマース,1
2492.T,インフォマート,3
2493.T,イーサポートリンク,4
2497.T,ユナイテッド,4
2498.T,オリエンタルコンサルタンツホールディングス,1
2499.T,日本和装ホールディングス,3
2501.T,サッポロホールディングス,4
2502.T,アサヒグループホールディングス,4
2503.T,キリンホールディングス,4
250A.T,シマダヤ,1
2510.T,ＮＥＸＴ　ＦＵＮＤＳ　国内債券・ＮＯＭＵＲＡ－ＢＰＩ総合連動型上場投信,4
2511.T,ＮＥＸＴ　ＦＵＮＤＳ　外国債券・ＦＴＳＥ世界国債インデックス（除く日本・為替ヘッジなし）連動型上場投信,1
2512.T,ＮＥＸＴ　ＦＵＮＤＳ　外国債券・ＦＴＳＥ世界国債インデックス（除く日本・為替ヘッジあり）連動型上場投信,4
2513.T,ＮＥＸＴ　ＦＵＮＤＳ　外国株式・ＭＳＣＩ－ＫＯＫＵＳＡＩ指数（為替ヘッジなし）連動型上場投信,1
2514.T,ＮＥＸＴ　ＦＵＮＤＳ　外国株式・ＭＳＣＩ－ＫＯＫＵＳＡＩ指数（為替ヘッジあり）連動型上場投信,1
2515.T,ＮＥＸＴ　ＦＵＮＤＳ　外国ＲＥＩＴ・Ｓ＆Ｐ先進国ＲＥＩＴ指数（除く日本・為替ヘッジなし）連動型上場投信,1
2516.T,東証グロース２５０ＥＴＦ,1
2517.T,ＭＡＸＩＳ　Ｊリート・コア上場投信,1
2518.T,ＮＥＸＴ　ＦＵＮＤＳ　ＭＳＣＩ日本株女性活躍指数（セレクト）連動型上場投信,1
2519.T,ＮＥＸＴ　ＦＵＮＤＳ　新興国債券・Ｊ．Ｐ．モルガン・エマージング・マーケット・ボンド・インデックス・プラス（為替ヘッジなし）連動型上場投信,1
2520.T,ＮＥＸＴ　ＦＵＮＤＳ　新興国株式・ＭＳＣＩエマージング・マーケット・インデックス（為替ヘッジなし）連動型上場投信,1
2521.T,上場インデックスファンド米国株式（Ｓ＆Ｐ５００）為替ヘッジあり,1
2522.T,ｉシェアーズ　オートメーション　＆　ロボット　ＥＴＦ,1
2523.T,ＭＡＸＩＳトピックス（除く金融）上場投信,1
2524.T,ＮＺＡＭ　上場投信　ＴＯＰＩＸ,1
2525.T,ＮＺＡＭ　上場投信　日経２２５,1
2526.T,ＮＺＡＭ　上場投信　ＪＰＸ日経４００,1
2527.T,ＮＺＡＭ　上場投信　東証ＲＥＩＴ　Ｃｏｒｅ指数,1
2528.T,ｉＦｒｅｅＥＴＦ　東証ＲＥＩＴ　Ｃｏｒｅ指数,1
2529.T,ＮＥＸＴ　ＦＵＮＤＳ　野村株主還元７０連動型上場投信,1
2530.T,ＭＡＸＩＳ　ＨｕａＡｎ中国株式（上海１８０Ａ株）上場投信,1
2531.T,宝ホールディングス,5
2533.T,オエノンホールディングス,1
253A.T,ＥＴＳグループ,1
2540.T,養命酒製造,1
254A.T,ＡＩフュージョンキャピタルグループ,1
2552.T,上場インデックスファンドＪリート（東証ＲＥＩＴ指数）隔月分配型（ミニ）,1
2553.T,Ｏｎｅ　ＥＴＦ　南方　中国Ａ株　ＣＳＩ５００,1
2554.T,ＮＥＸＴ　ＦＵＮＤＳ　ブルームバーグ米国投資適格社債（１－１０年）インデックス（為替ヘッジあり）連動型上場投信,2
2555.T,東証ＲＥＩＴ　ＥＴＦ,1
2556.T,Ｏｎｅ　ＥＴＦ　東証ＲＥＩＴ指数,1
2557.T,ＳＭＤＡＭ　トピックス上場投信,1
2558.T,ＭＡＸＩＳ米国株式（Ｓ＆Ｐ５００）上場投信,1
2559.T,ＭＡＸＩＳ全世界株式（オール・カントリー）上場投信,1
255A.T,ジーエルテクノホールディングス,1
2560.T,ＭＡＸＩＳカーボン・エフィシェント日本株上場投信,1
2561.T,ｉシェアーズ・コア　日本国債　ＥＴＦ,4
2562.T,上場インデックスファンド米国株式（ダウ平均）為替ヘッジあり,1
2563.T,ｉシェアーズ　Ｓ＆Ｐ　５００　米国株　ＥＴＦ（為替ヘッジあり）,1
2564.T,グローバルＸ　ＭＳＣＩスーパーディビィデンド－日本株式　ＥＴＦ,1
2565.T,グローバルＸ　ロジスティクス・Ｊ－ＲＥＩＴ　ＥＴＦ,1
2566.T,上場インデックスファンド日経ＥＳＧリート,1
2567.T,ＮＺＡＭ　上場投信　Ｓ＆Ｐ／ＪＰＸカーボン・エフィシェント指数,1
2568.T,上場インデックスファンド米国株式（ＮＡＳＤＡＱ１００）為替ヘッジなし,1
2569.T,上場インデックスファンド米国株式（ＮＡＳＤＡＱ１００）為替ヘッジあり,1
256A.T,飛島ホールディングス,5
2573.T,北海道コカ・コーラボトリング,2
2579.T,コカ・コーラ　ボトラーズジャパンホールディングス,4
257A.T,ＳＭＴ　ＥＴＦ日本株厳選投資アクティブ,1
2585.T,ライフドリンク　カンパニー,1
2586.T,フルッタフルッタ,1
2587.T,サントリー食品インターナショナル,4
2588.T,プレミアムウォーターホールディングス,1
258A.T,ＳＭＴ　ＥＴＦ国内リート厳選投資アクティブ,1
2590.T,ダイドーグループホールディングス,5
2593.T,伊藤園,1
25935.T,伊藤園第１種優先株式,6
2594.T,キーコーヒー,6
2597.T,ユニカフェ,1
2602.T,日清オイリオグループ,1
2607.T,不二製油,5
260A.T,オルツ,4
2612.T,かどや製油,2
2613.T,Ｊ－オイルミルズ,1
261A.T,日水コン,1
2620.T,ｉシェアーズ　米国債１－３年　ＥＴＦ,1
2621.T,ｉシェアーズ　米国債２０年超　ＥＴＦ（為替ヘッジあり）,3
2622.T,ｉシェアーズ　米ドル建て新興国債券　ＥＴＦ（為替ヘッジあり）,1
2623.T,ｉシェアーズ　ユーロ建て投資適格社債　ＥＴＦ（為替ヘッジあり）,1
2624.T,ｉＦｒｅｅＥＴＦ　日経２２５（年４回決算型）,1
2625.T,ｉＦｒｅｅＥＴＦ　ＴＯＰＩＸ（年４回決算型）,1
2626.T,グローバルＸ　デジタル・イノベーション－日本株式　ＥＴＦ,2
2627.T,グローバルＸ　ｅコマース－日本株式　ＥＴＦ,4
2628.T,ｉＦｒｅｅＥＴＦ　中国科創板５０（ＳＴＡＲ５０）,1
2629.T,ｉＦｒｅｅＥＴＦ　中国グレーターベイエリア・イノベーション１００（ＧＢＡ１００）,1
262A.T,インターメスティック,6
2630.T,ＭＡＸＩＳ米国株式（Ｓ＆Ｐ５００）上場投信（為替ヘッジあり）,1
2631.T,ＭＡＸＩＳナスダック１００上場投信,1
2632.T,ＭＡＸＩＳナスダック１００上場投信（為替ヘッジあり）,1
2633.T,ＮＥＸＴ　ＦＵＮＤＳ　Ｓ＆Ｐ　５００　指数（為替ヘッジなし）連動型上場投信,1
2634.T,ＮＥＸＴ　ＦＵＮＤＳ　Ｓ＆Ｐ　５００　指数（為替ヘッジあり）連動型上場投信,1
2635.T,ＮＥＸＴ　ＦＵＮＤＳ　Ｓ＆Ｐ　５００スコアリング＆スクリーニング指数連動型上場投信,1
2636.T,グローバルＸ　ＭＳＣＩ　ガバナンス・クオリティ－日本株式　ＥＴＦ,1
2637.T,グローバルＸ　クリーンテック－日本株式　ＥＴＦ,1
2638.T,グローバルＸ　ロボティクス＆ＡＩ－日本株式　ＥＴＦ,2
2639.T,グローバルＸ　バイオ＆メドテック－日本株式　ＥＴＦ,4
2640.T,グローバルＸ　ゲーム＆アニメ－日本株式　ＥＴＦ,3
2641.T,グローバルＸ　グローバルリーダーズ－日本株式　ＥＴＦ,3
2642.T,ＳＭＴ　ＥＴＦカーボン・エフィシェント日本株,1
2643.T,ＮＥＸＴ　ＦＵＮＤＳ　ＭＳＣＩジャパンカントリー指数（セレクト）連動型上場投信,1
2644.T,グローバルＸ　半導体関連－日本株式　ＥＴＦ,1
2645.T,グローバルＸ　レジャー＆エンターテインメント－日本株式　ＥＴＦ,3
2646.T,グローバルＸ　メタルビジネス－日本株式　ＥＴＦ,1
2647.T,ＮＥＸＴ　ＦＵＮＤＳ　ブルームバーグ米国国債（７－１０年）インデックス（為替ヘッジなし）連動型上場投信,1
2648.T,ＮＥＸＴ　ＦＵＮＤＳ　ブルームバーグ米国国債（７－１０年）インデックス（為替ヘッジあり）連動型上場投信,3
2649.T,ｉシェアーズ　米国政府系機関ジニーメイＭＢＳ　ＥＴＦ（為替ヘッジあり）,3
264A.T,Ｓｃｈｏｏ,4
2652.T,まんだらけ,1
2653.T,イオン九州,1
2654.T,アスモ,1
2656.T,ベクターホールディングス,4
2659.T,サンエー,1
265A.T,Ｈｍｃｏｍｍ,1
2664.T,カワチ薬品,1
2666.T,オートウェーブ,1
2667.T,イメージ　ワン,3
2668.T,タビオ,1
2669.T,カネ美食品,3
2670.T,エービーシー・マート,3
2673.T,夢みつけ隊,1
2674.T,ハードオフコーポレーション,4
2676.T,高千穂交易,4
2678.T,アスクル,4
2681.T,ゲオホールディングス,4
2683.T,魚喜,3
2685.T,アダストリア,2
2686.T,ジーフット,1
2687.T,シー・ヴイ・エス・ベイエリア,2
2689.T,オルバヘルスケアホールディングス,1
268A.T,リガク・ホールディングス,3
2692.T,伊藤忠食品,1
2693.T,ＹＫＴ,4
2694.T,焼肉坂井ホールディングス,6
2695.T,くら寿司,1
2698.T,キャンドゥ,1
269A.T,Ｓａｐｅｅｔ,4
2700.T,木徳神糧,4
2702.T,日本マクドナルドホールディングス,4
2705.T,大戸屋ホールディングス,1
2708.T,久世,1
2721.T,ジェイホールディングス,1
2722.T,ＩＫホールディングス,4
2726.T,パルグループホールディングス,1
2730.T,エディオン,2
2733.T,あらた,1
2734.T,サーラコーポレーション,2
2735.T,ワッツ,4
2736.T,フェスタリアホールディングス,1
2737.T,トーメンデバイス,1
273A.T,ＳＢＩ　サウジアラビア株式上場投信,1
2742.T,ハローズ,1
2743.T,ピクセルカンパニーズ,1
2747.T,北雄ラッキー,1
2749.T,ＪＰホールディングス,4
274A.T,ガーデン,1
2750.T,石光商事,1
2751.T,テンポスホールディングス,4
2752.T,フジオフードグループ本社,4
2753.T,あみやき亭,1
275A.T,ハンワホームズ,4
2760.T,東京エレクトロン　デバイス,4
2762.T,ＳＡＮＫＯ　ＭＡＲＫＥＴＩＮＧ　ＦＯＯＤＳ,4
2763.T,エフティグループ,1
2764.T,ひらまつ,4
2767.T,円谷フィールズホールディングス,1
2768.T,双日,1
2769.T,ヴィレッジヴァンガードコーポレーション,4
276A.T,ククレブ・アドバイザーズ,2
2776.T,新都ホールディングス,1
2778.T,パレモ・ホールディングス,4
277A.T,グロービング,1
2780.T,コメ兵ホールディングス,3
2782.T,セリア,1
2784.T,アルフレッサ　ホールディングス,1
2788.T,アップルインターナショナル,4
2789.T,カルラ,6
278A.T,Ｔｅｒｒａ　Ｄｒｏｎｅ,4
2790.T,ナフコ,1
2791.T,大黒天物産,5
2792.T,ハニーズホールディングス,4
2795.T,日本プリメックス,2
2796.T,ファーマライズホールディングス,1
2798.T,ワイズテーブルコーポレーション,2
2801.T,キッコーマン,5
2802.T,味の素,1
2804.T,ブルドックソース,1
2805.T,ヱスビー食品,1
2806.T,ユタカフーズ,2
2809.T,キユーピー,1
280A.T,ＴＭＨ,3
2810.T,ハウス食品グループ本社,1
2811.T,カゴメ,4
2813.T,和弘食品,6
2814.T,佐藤食品工業,4
2815.T,アリアケジャパン,1
2816.T,ダイショー,5
2818.T,ピエトロ,4
2819.T,エバラ食品工業,6
281A.T,インフォメティス,1
2820.T,やまみ,4
282A.T,グローバルＸ　半導体・トップ１０－日本株式　ＥＴＦ,1
2830.T,アヲハタ,1
2831.T,はごろもフーズ,1
2836.T,グローバルＸ　フィンテック－日本株式　ＥＴＦ,3
2837.T,グローバルＸ　中小型リーダーズ－日本株式　ＥＴＦ,1
2838.T,ＭＡＸＩＳ米国国債７－１０年上場投信（為替ヘッジなし）,1
2839.T,ＭＡＸＩＳ米国国債７－１０年上場投信（為替ヘッジあり）,3
283A.T,グローバルＸ　ＵＳ　テック・配当貴族　ＥＴＦ,1
2840.T,ｉＦｒｅｅＥＴＦ　ＮＡＳＤＡＱ１００（為替ヘッジなし）,1
2841.T,ｉＦｒｅｅＥＴＦ　ＮＡＳＤＡＱ１００（為替ヘッジあり）,1
2842.T,ｉＦｒｅｅＥＴＦ　ＮＡＳＤＡＱ１００インバース,4
2843.T,上場インデックスファンド豪州国債（為替ヘッジあり）,3
2844.T,上場インデックスファンド豪州国債（為替ヘッジなし）,1
2845.T,ＮＥＸＴ　ＦＵＮＤＳ　ＮＡＳＤＡＱ－１００（為替ヘッジあり）連動型上場投信,1
2846.T,ＮＥＸＴ　ＦＵＮＤＳ　ダウ・ジョーンズ工業株３０種平均株価（為替ヘッジあり）連動型上場投信,1
2847.T,グローバルＸ　新成長インフラ－日本株式　ＥＴＦ,1
2848.T,グローバルＸ　ＭＳＣＩ　気候変動対応－日本株式　ＥＴＦ,1
2849.T,グローバルＸ　Ｍｏｒｎｉｎｇｓｔａｒ　高配当　ＥＳＧ－日本株式　ＥＴＦ,1
2851.T,ｉシェアーズ　ＭＳＣＩ　ジャパンＳＲＩ　ＥＴＦ,1
2852.T,ｉシェアーズ　グリーンＪリート　ＥＴＦ,1
2853.T,ｉシェアーズ　気候リスク調整世界国債　ＥＴＦ（除く日本・為替ヘッジあり）,4
2854.T,グローバルＸ　テック・トップ２０－日本株式　ＥＴＦ,1
2855.T,グローバルＸ　グリーン・Ｊ－ＲＥＩＴ　ＥＴＦ,1
2856.T,ｉシェアーズ　米国債３－７年　ＥＴＦ（為替ヘッジあり）,3
2857.T,ｉシェアーズ　ドイツ国債　ＥＴＦ（為替ヘッジあり）,4
2858.T,グローバルＸ　日経２２５　カバード・コール　ＥＴＦ（プレミアム再投資型）,1
2859.T,ＮＥＸＴ　ＦＵＮＤＳ　ユーロ・ストックス５０指数（為替ヘッジあり）連動型上場投信,6
285A.T,キオクシアホールディングス,2
2860.T,ＮＥＸＴ　ＦＵＮＤＳ　ドイツ株式・ＤＡＸ（為替ヘッジあり）連動型上場投信,1
2861.T,上場インデックスファンドフランス国債（為替ヘッジなし）,1
2862.T,上場インデックスファンドフランス国債（為替ヘッジあり）,4
2863.T,ＮＥＸＴ　ＦＵＮＤＳ　Ｓ＆Ｐ米国株式・債券バランス保守型指数（為替ヘッジあり）連動型上場投信,1
2864.T,グローバルＸ　ロジスティクス・ＲＥＩＴ　ＥＴＦ,1
2865.T,グローバルＸ　ＮＡＳＤＡＱ１００・カバード・コール　ＥＴＦ,1
2866.T,グローバルＸ　米国優先証券　ＥＴＦ,1
2867.T,グローバルＸ　自動運転＆ＥＶ　ＥＴＦ,1
2868.T,グローバルＸ　Ｓ＆Ｐ５００・カバード・コール　ＥＴＦ,1
2869.T,ｉＦｒｅｅＥＴＦ　ＮＡＳＤＡＱ１００レバレッジ,1
286A.T,ユカリア,4
2870.T,ｉＦｒｅｅＥＴＦ　ＮＡＳＤＡＱ１００ダブルインバース,4
2871.T,ニチレイ,4
2872.T,セイヒョー,4
2874.T,横浜冷凍,1
2875.T,東洋水産,1
2876.T,デルソーレ,1
2877.T,日東ベスト,1
287A.T,黒田グループ,4
2882.T,イートアンドホールディングス,6
2883.T,大冷,1
2884.T,ヨシムラ・フード・ホールディングス,4
288A.T,ラクサス・テクノロジーズ,3
2892.T,日本食品化工,1
2894.T,石井食品,1
2897.T,日清食品ホールディングス,4
2901.T,ウェルディッシュ,4
2903.T,シノブフーズ,1
2904.T,一正蒲鉾,4
2907.T,あじかん,1
2908.T,フジッコ,4
290A.T,Ｓｙｎｓｐｅｃｔｉｖｅ,5
2910.T,ロック・フィールド,2
2911.T,旭松食品,4
2914.T,日本たばこ産業,6
2915.T,ケンコーマヨネーズ,6
2916.T,仙波糖化工業,2
2917.T,大森屋,4
2918.T,わらべや日洋ホールディングス,1
291A.T,リスキル,2
2922.T,なとり,5
2923.T,サトウ食品,4
2924.T,イフジ産業,1
2926.T,篠崎屋,1
2927.T,ＡＦＣ－ＨＤアムスライフサイエンス,1
2929.T,ファーマフーズ,4
2930.T,北の達人コーポレーション,3
2931.T,ユーグレナ,4
2932.T,ＳＴＩフードホールディングス,1
2933.T,紀文食品,1
2934.T,ジェイフロンティア,3
2935.T,ピックルスホールディングス,1
2936.T,ベースフード,1
2937.T,サンクゼール,1
2938.T,オカムラ食品工業,2
295A.T,Ｏｎｅ　ＥＴＦ　ＦＴＳＥ・サウジアラビア・インデックス,6
2961.T,日本調理機,4
2962.T,テクニスコ,2
296A.T,令和アカウンティング・ホールディングス,2
2970.T,グッドライフカンパニー,4
2971.T,エスコンジャパンリート投資法人,1
2972.T,サンケイリアルエステート投資法人,1
2975.T,スター・マイカ・ホールディングス,4
2978.T,ツクルバ,4
2979.T,ＳＯＳｉＬＡ物流リート投資法人,1
297A.T,アルピコホールディングス,5
2980.T,ＳＲＥホールディングス,4
2981.T,ランディックス,1
2982.T,ＡＤワークスグループ,1
2983.T,アールプランナー,1
2984.T,ヤマイチ・ユニハイムエステート,1
2986.T,ＬＡホールディングス,5
2989.T,東海道リート投資法人,1
298A.T,ＧＶＡ　ＴＥＣＨ,1
2991.T,ランドネット,1
2993.T,長栄,1
2997.T,ストレージ王,1
2998.T,クリアル,4
2999.T,ホームポジション,1
299A.T,ｄｅｌｙ,1
3001.T,片倉工業,1
3002.T,グンゼ,1
3003.T,ヒューリック,3
3004.T,神栄,1
300A.T,ＭＩＣ,4
3010.T,ポラリス・ホールディングス,4
3011.T,バナーズ,4
3020.T,アプライド,1
3021.T,パシフィックネット,2
3023.T,ラサ商事,1
3024.T,クリエイト,1
3028.T,アルペン,4
302A.T,ビースタイルホールディングス,4
3030.T,ハブ,1
3031.T,ラクーンホールディングス,4
3034.T,クオールホールディングス,1
3035.T,ケイティケイ,1
3036.T,アルコニックス,1
3038.T,神戸物産,4
303A.T,ｖｉｓｕｍｏ,6
3040.T,ソリトンシステムズ,1
3041.T,ビューティカダンホールディングス,4
3042.T,セキュアヴェイル,1
3045.T,カワサキ,1
3046.T,ジンズホールディングス,4
3048.T,ビックカメラ,2
304A.T,フォルシア,3
3050.T,ＤＣＭホールディングス,1
3053.T,ペッパーフードサービス,4
3054.T,ハイパー,1
3058.T,三洋堂ホールディングス,2
3059.T,ヒラキ,4
3063.T,ジェイグループホールディングス,1
3064.T,ＭｏｎｏｔａＲＯ,4
3065.T,ライフフーズ,1
3067.T,東京一番フーズ,4
3068.T,ＷＤＩ,6
3069.T,ＪＦＬＡホールディングス,1
3070.T,ジェリービーンズグループ,1
3071.T,ストリーム,5
3073.T,ＤＤグループ,1
3075.T,銚子丸,1
3076.T,あい　ホールディングス,1
3077.T,ホリイフードサービス,4
3079.T,ディーブイエックス,3
3080.T,ジェーソン,4
3082.T,きちりホールディングス,5
3083.T,スターシーズ,6
3086.T,Ｊ．フロント　リテイリング,5
3087.T,ドトール・日レスホールディングス,4
3088.T,マツキヨココカラ＆カンパニー,1
3089.T,テクノアルファ,1
3091.T,ブロンコビリー,4
3092.T,ＺＯＺＯ,4
3093.T,トレジャー・ファクトリー,4
3094.T,スーパーバリュー,4
3096.T,オーシャンシステム,1
3097.T,物語コーポレーション,1
3099.T,三越伊勢丹ホールディングス,4
3101.T,東洋紡,1
3103.T,ユニチカ,1
3104.T,富士紡ホールディングス,1
3105.T,日清紡ホールディングス,1
3106.T,倉敷紡績,2
3107.T,ダイワボウホールディングス,1
3109.T,シキボウ,1
3110.T,日東紡績,1
3111.T,オーミケンシ,5
3113.T,ＵＮＩＶＡ・Ｏａｋホールディングス,1
3116.T,トヨタ紡織,1
3121.T,マーチャント・バンカーズ,2
3123.T,サイボー,1
3131.T,シンデン・ハイテックス,2
3132.T,マクニカホールディングス,1
3133.T,海帆,4
3134.T,Ｈａｍｅｅ,4
3135.T,マーケットエンタープライズ,4
3137.T,ファンデリー,4
3138.T,富士山マガジンサービス,4
3139.T,ラクト・ジャパン,1
313A.T,ｉシェアーズ　Ｓ＆Ｐ　５００　トップ　２０　ＥＴＦ,1
3140.T,ＢＲＵＮＯ,4
3141.T,ウエルシアホールディングス,1
3143.T,オーウイル,1
3148.T,クリエイトＳＤホールディングス,1
314A.T,ｉシェアーズ　ゴールド　ＥＴＦ,1
3150.T,グリムス,1
3151.T,バイタルケーエスケー・ホールディングス,6
3153.T,八洲電機,6
3154.T,メディアスホールディングス,4
3156.T,レスター,1
3157.T,ジオリーブグループ,1
3159.T,丸善ＣＨＩホールディングス,3
315A.T,グローバルＸ　銀行　高配当－日本株式　ＥＴＦ,1
3160.T,大光,5
3161.T,アゼアス,4
3166.T,ＯＣＨＩホールディングス,1
3167.T,ＴＯＫＡＩホールディングス,1
3168.T,ＭＥＲＦ,1
3169.T,ミサワ,4
316A.T,ｉＦｒｅｅＥＴＦ　ＦＡＮＧ＋,1
3172.T,ティーライフ,3
3173.T,Ｃｏｍｉｎｉｘ,1
3174.T,ハピネス・アンド・ディ,1
3175.T,エー・ピーホールディングス,1
3176.T,三洋貿易,1
3177.T,ありがとうサービス,3
3178.T,チムニー,1
3179.T,シュッピン,1
3180.T,ビューティガレージ,3
3181.T,買取王国,3
3182.T,オイシックス・ラ・大地,1
3183.T,ウイン・パートナーズ,3
3184.T,ＩＣＤＡホールディングス,1
3185.T,夢展望,1
3186.T,ネクステージ,1
3187.T,ミラタップ,4
3189.T,ＡＮＡＰホールディングス,1
318A.T,ＶＩＸ短期先物指数ＥＴＦ,4
3190.T,ホットマン,2
3191.T,ジョイフル本田,3
3192.T,白鳩,4
3193.T,エターナルホスピタリティグループ,2
3195.T,ジェネレーションパス,4
3196.T,ホットランドホールディングス,4
3197.T,すかいらーくホールディングス,4
3198.T,ＳＦＰホールディングス,2
3199.T,綿半ホールディングス,2
319A.T,技術承継機構,1
3201.T,日本毛織,4
3202.T,ダイトウボウ,1
3204.T,トーア紡コーポレーション,1
3205.T,ダイドーリミテッド,2
3221.T,ヨシックスホールディングス,6
3222.T,ユナイテッド・スーパーマーケット・ホールディングス,1
3223.T,エスエルディー,1
3224.T,ゼネラル・オイスター,4
3226.T,日本アコモデーションファンド投資法人,2
3231.T,野村不動産ホールディングス,3
3232.T,三重交通グループホールディングス,3
3234.T,森ヒルズリート投資法人,1
3236.T,プロパスト,3
3237.T,イントランス,5
3238.T,セントラル総合開発,4
323A.T,フライヤー,4
3241.T,ウィル,3
3242.T,アーバネットコーポレーション,1
3245.T,ディア・ライフ,1
3246.T,コーセーアールイー,4
3248.T,アールエイジ,1
3249.T,産業ファンド投資法人,1
324A.T,ブッキングリゾート,4
3252.T,地主,1
325A.T,ＴＥＮＴＩＡＬ,3
3261.T,グランディーズ,4
3266.T,ファンドクリエーショングループ,3
3267.T,フィル・カンパニー,3
3269.T,アドバンス・レジデンス投資法人,1
3271.T,ＴＨＥグローバル社,1
3276.T,ＪＰＭＣ,1
3277.T,サンセイランディック,1
3279.T,アクティビア・プロパティーズ投資法人,1
3280.T,エストラスト,1
3281.T,ＧＬＰ投資法人,1
3282.T,コンフォリア・レジデンシャル投資法人,1
3283.T,日本プロロジスリート投資法人,1
3284.T,フージャースホールディングス,1
3286.T,トラストホールディングス,4
3287.T,星野リゾート・リート投資法人,1
3288.T,オープンハウスグループ,1
3289.T,東急不動産ホールディングス,4
328A.T,グローバルＸ　プライシングパワー・リーダーズ－日本株式　ＥＴＦ,1
3290.T,Ｏｎｅリート投資法人,1
3291.T,飯田グループホールディングス,1
3292.T,イオンリート投資法人,1
3293.T,アズマハウス,1
3294.T,イーグランド,1
3295.T,ヒューリックリート投資法人,1
3296.T,日本リート投資法人,1
3297.T,東武住販,4
3299.T,ムゲンエステート,4
3300.T,アンビション　ＤＸ　ホールディングス,1
3302.T,帝国繊維,1
3306.T,日本製麻,1
3309.T,積水ハウス・リート投資法人,5
330A.T,ＴａｌｅｎｔＸ,4
3315.T,日本コークス工業,1
3317.T,フライングガーデン,6
3319.T,ゴルフダイジェスト・オンライン,4
331A.T,メディックス,6
3320.T,クロスプラス,1
3321.T,ミタチ産業,2
3323.T,レカム,1
3326.T,ランシステム,1
3328.T,ＢＥＥＮＯＳ,5
3329.T,東和フードサービス,1
332A.T,ミーク,4
3333.T,あさひ,4
333A.T,テクノスマイル,4
3341.T,日本調剤,1
3347.T,トラスト,1
3349.T,コスモス薬品,1
334A.T,ビジュアル・プロセッシング・ジャパン,2
3350.T,メタプラネット,3
3352.T,バッファロー,1
3353.T,メディカル一光グループ,1
3355.T,クリヤマホールディングス,1
3358.T,ワイエスフード,4
3359.T,ｃｏｔｔａ,3
335A.T,ミライロ,4
3360.T,シップヘルスケアホールディングス,1
3361.T,トーエル,1
336A.T,ダイナミックマッププラットフォーム,4
3370.T,フジタコーポレーション,3
3371.T,ソフトクリエイトホールディングス,2
3372.T,関門海,4
3374.T,内外テック,1
3375.T,ＺＯＡ,1
3377.T,バイク王＆カンパニー,3
3382.T,セブン＆アイ・ホールディングス,4
3386.T,コスモ・バイオ,1
3387.T,クリエイト・レストランツ・ホールディングス,1
3388.T,明治電機工業,2
338A.T,ＺｅｎｍｕＴｅｃｈ,4
3391.T,ツルハホールディングス,1
3392.T,デリカフーズホールディングス,1
3393.T,スターティアホールディングス,3
3395.T,サンマルクホールディングス,5
3396.T,フェリシモ,4
3397.T,トリドールホールディングス,1
3399.T,丸千代山岡家,1
339A.T,プログレス・テクノロジーズ　グループ,3
3401.T,帝人,1
3402.T,東レ,3
3405.T,クラレ,1
3407.T,旭化成,1
3409.T,北日本紡績,2
340A.T,ジグザグ,4
3415.T,ＴＯＫＹＯ　ＢＡＳＥ,1
3416.T,ピクスタ,1
3417.T,大木ヘルスケアホールディングス,1
3418.T,バルニバービ,1
341A.T,トヨコー,1
3420.T,ケー・エフ・シー,1
3421.T,稲葉製作所,1
3422.T,Ｊ－ＭＡＸ,1
3423.T,エスイー,1
3426.T,アトムリビンテック,1
3431.T,宮地エンジニアリンググループ,1
3433.T,トーカロ,1
3434.T,アルファＣｏ,1
3435.T,サンコーテクノ,1
3436.T,ＳＵＭＣＯ,1
3437.T,特殊電極,1
3439.T,三ツ知,1
343A.T,ＩＡＣＥトラベル,4
3440.T,日創グループ,1
3441.T,山王,2
3443.T,川田テクノロジーズ,1
3444.T,菊池製作所,2
3445.T,ＲＳ　Ｔｅｃｈｎｏｌｏｇｉｅｓ,1
3446.T,ジェイテックコーポレーション,3
3447.T,信和,1
3449.T,テクノフレックス,1
3451.T,トーセイ・リート投資法人,1
3452.T,ビーロット,1
3454.T,ファーストブラザーズ,1
3455.T,ヘルスケア＆メディカル投資法人,1
3457.T,Ａｎｄ　Ｄｏホールディングス,4
3459.T,サムティ・レジデンシャル投資法人,1
3461.T,パルマ,1
3462.T,野村不動産マスターファンド投資法人,1
3463.T,いちごホテルリート投資法人,1
3465.T,ケイアイスター不動産,5
3466.T,ラサールロジポート投資法人,1
3467.T,アグレ都市デザイン,1
3468.T,スターアジア不動産投資法人,1
3469.T,デュアルタップ,4
346A.T,ＮＥＸＴ　ＦＵＮＤＳ　Ｓ＆Ｐ　５００　半導体・半導体製造装置３５％キャップ指数連動型上場投信,1
3470.T,マリモ地方創生リート投資法人,1
3471.T,三井不動産ロジスティクスパーク投資法人,3
3472.T,日本ホテル＆レジデンシャル投資法人,1
3474.T,Ｇ－ＦＡＣＴＯＲＹ,1
3475.T,グッドコムアセット,4
3476.T,投資法人みらい,1
3477.T,フォーライフ,1
3479.T,ティーケーピー,4
3480.T,ジェイ・エス・ビー,1
3481.T,三菱地所物流リート投資法人,1
3482.T,ロードスターキャピタル,1
3484.T,イノベーションホールディングス,2
3486.T,グローバル・リンク・マネジメント,1
3487.T,ＣＲＥロジスティクスファンド投資法人,2
3488.T,ザイマックス・リート投資法人,1
3489.T,フェイスネットワーク,1
348A.T,ＭＡＸＩＳ読売３３３日本株上場投信,1
3490.T,アズ企画設計,1
3491.T,ＧＡ　ｔｅｃｈｎｏｌｏｇｉｅｓ,1
3492.T,タカラレーベン不動産投資法人,1
3494.T,マリオン,1
3495.T,香陵住販,1
3496.T,アズーム,4
3497.T,ＬｅＴｅｃｈ,4
3498.T,霞ヶ関キャピタル,1
349A.T,ＳＭＤＡＭ　Ａｃｔｉｖｅ　ＥＴＦ　日本グロース株式,1
3501.T,ＳＵＭＩＮＯＥ,4
350A.T,デジタルグリッド,1
3512.T,日本フエルト,1
3513.T,イチカワ,1
3521.T,エコナックホールディングス,1
3524.T,日東製網,4
3526.T,芦森工業,2
3529.T,アツギ,2
352A.T,ＬＩＦＥ　ＣＲＥＡＴＥ,1
3536.T,アクサスホールディングス,1
3537.T,昭栄薬品,4
3538.T,ウイルプラスホールディングス,5
3539.T,ＪＭホールディングス,1
3540.T,歯愛メディカル,4
3541.T,農業総合研究所,1
3542.T,ベガコーポレーション,1
3543.T,コメダホールディングス,2
3544.T,サツドラホールディングス,4
3546.T,アレンザホールディングス,1
3547.T,串カツ田中ホールディングス,1
3548.T,バロックジャパンリミテッド,2
3549.T,クスリのアオキホールディングス,1
354A.T,ｉＦｒｅｅＥＴＦ　ブルームバーグ日本株高配当５０指数,1
3550.T,スタジオアタオ,1
3551.T,ダイニック,1
3553.T,共和レザー,1
3556.T,リネットジャパングループ,1
3557.T,ユナイテッド＆コレクティブ,1
3558.T,ジェイドグループ,1
3559.T,ピーバンドットコム,2
3560.T,ほぼ日,1
3561.T,力の源ホールディングス,3
3562.T,Ｎｏ．１,1
3563.T,ＦＯＯＤ　＆　ＬＩＦＥ　ＣＯＭＰＡＮＩＥＳ,1
3565.T,アセンテック,1
3566.T,ユニフォームネクスト,2
3569.T,セーレン,1
356A.T,グローバルＸ　Ｓ＆Ｐ５００　キャッシュフロー・トップ１００　ＥＴＦ,1
3571.T,ソトー,1
3577.T,東海染工,4
3580.T,小松マテーレ,1
3583.T,オーベクス,1
3591.T,ワコールホールディングス,1
3593.T,ホギメディカル,4
3597.T,自重堂,4
3598.T,山喜,1
3600.T,フジックス,1
3607.T,クラウディアホールディングス,1
3608.T,ＴＳＩホールディングス,1
3611.T,マツオカコーポレーション,1
3612.T,ワールド,1
3622.T,ネットイヤーグループ,1
3623.T,ビリングシステム,2
3624.T,アクセルマーク,2
3625.T,テックファームホールディングス,4
3626.T,ＴＩＳ,4
3627.T,テクミラホールディングス,3
3628.T,データホライゾン,1
3632.T,グリーホールディングス,4
3633.T,ＧＭＯペパボ,5
3634.T,ソケッツ,1
3635.T,コーエーテクモホールディングス,4
3636.T,三菱総合研究所,1
3639.T,ボルテージ,1
3640.T,電算,1
3641.T,パピレス,3
3645.T,メディカルネット,4
3646.T,駅探,1
3647.T,ジー・スリーホールディングス,1
3648.T,ＡＧＳ,1
3649.T,ファインデックス,1
3652.T,ディジタルメディアプロフェッショナル,4
3653.T,モルフォ,1
3655.T,ブレインパッド,4
3656.T,ＫＬａｂ,1
3657.T,ポールトゥウィンホールディングス,1
3659.T,ネクソン,2
3660.T,アイスタイル,1
3661.T,エムアップホールディングス,2
3662.T,エイチームホールディングス,1
3663.T,セルシス,1
3664.T,モブキャストホールディングス,1
3665.T,エニグモ,4
3667.T,ｅｎｉｓｈ,1
3668.T,コロプラ,4
3670.T,協立情報通信,2
3671.T,ソフトマックス,1
3672.T,オルトプラス,1
3673.T,ブロードリーフ,1
3674.T,オークファン,2
3675.T,クロス・マーケティンググループ,2
3676.T,デジタルハーツホールディングス,3
3678.T,メディアドゥ,4
3679.T,じげん,3
3680.T,ホットリンク,4
3681.T,ブイキューブ,4
3682.T,エンカレッジ・テクノロジ,4
3683.T,サイバーリンクス,1
3686.T,ディー・エル・イー,1
3687.T,フィックスターズ,4
3688.T,ＣＡＲＴＡ　ＨＯＬＤＩＮＧＳ,1
3690.T,イルグルム,6
3691.T,デジタルプラス,1
3692.T,ＦＦＲＩセキュリティ,1
3694.T,オプティム,4
3695.T,ＧＭＯリサーチ＆ＡＩ,4
3696.T,セレス,1
3697.T,ＳＨＩＦＴ,4
3698.T,ＣＲＩ・ミドルウェア,1
3708.T,特種東海製紙,1
3710.T,ジョルダン,4
3712.T,情報企画,1
3719.T,ＡＩストーム,4
3723.T,日本ファルコム,3
3726.T,フォーシーズＨＤ,3
3727.T,アプリックス,6
3733.T,ソフトウェア・サービス,1
3741.T,セック,4
3744.T,サイオス,1
3747.T,インタートレード,1
3750.T,サイトリ細胞研究所,1
3753.T,フライトソリューションズ,1
3758.T,アエリア,1
3760.T,ケイブ,4
3762.T,テクマトリックス,4
3763.T,プロシップ,1
3765.T,ガンホー・オンライン・エンターテイメント,1
3766.T,システムズ・デザイン,1
3768.T,リスクモンスター,4
3769.T,ＧＭＯペイメントゲートウェイ,4
3770.T,ザッパラス,4
3771.T,システムリサーチ,1
3772.T,ウェルス・マネジメント,4
3773.T,アドバンスト・メディア,3
3774.T,インターネットイニシアティブ,4
3776.T,ブロードバンドタワー,2
3777.T,環境フレンドリーホールディングス,1
3778.T,さくらインターネット,3
3779.T,ジェイ・エスコムホールディングス,1
3787.T,テクノマセマティカル,4
3788.T,ＧＭＯグローバルサイン・ホールディングス,1
3791.T,ＩＧポート,4
3793.T,ドリコム,4
3796.T,いい生活,4
3798.T,ＵＬＳグループ,1
3799.T,キーウェアソリューションズ,1
3800.T,ユニリタ,4
3802.T,エコミック,1
3803.T,イメージ情報開発,1
3804.T,システム　ディ,2
3807.T,フィスコ,4
3810.T,サイバーステップ,2
3814.T,アルファクス・フード・システム,1
3815.T,メディア工房,1
3816.T,大和コンピューター,2
3817.T,ＳＲＡホールディングス,1
3823.T,ＴＨＥ　ＷＨＹ　ＨＯＷ　ＤＯ　ＣＯＭＰＡＮＹ,4
3825.T,リミックスポイント,1
3826.T,システムインテグレータ,1
3834.T,朝日ネット,1
3835.T,ｅＢＡＳＥ,4
3836.T,アバントグループ,4
3837.T,アドソル日進,1
3839.T,ＯＤＫソリューションズ,1
3840.T,パス,1
3841.T,ジーダット,4
3842.T,ネクストジェン,1
3843.T,フリービット,4
3844.T,コムチュア,1
3845.T,アイフリークモバイル,1
3847.T,パシフィックシステム,1
3848.T,データ・アプリケーション,4
3850.T,エヌ・ティ・ティ・データ・イントラマート,4
3851.T,日本一ソフトウェア,3
3853.T,アステリア,1
3854.T,アイル,3
3856.T,Ａｂａｌａｎｃｅ,1
3858.T,ユビキタスＡＩ,4
3861.T,王子ホールディングス,1
3863.T,日本製紙,1
3864.T,三菱製紙,3
3865.T,北越コーポレーション,4
3877.T,中越パルプ工業,1
3878.T,巴川コーポレーション,1
3880.T,大王製紙,1
3891.T,ニッポン高度紙工業,6
3892.T,岡山製紙,3
3895.T,ハビックス,1
3896.T,阿波製紙,4
3900.T,クラウドワークス,1
3901.T,マークラインズ,4
3902.T,メディカル・データ・ビジョン,1
3903.T,ｇｕｍｉ,1
3904.T,カヤック,4
3905.T,データセクション,1
3907.T,シリコンスタジオ,1
3908.T,コラボス,1
3909.T,ショーケース,1
3910.T,エムケイシステム,4
3911.T,Ａｉｍｉｎｇ,4
3912.T,モバイルファクトリー,1
3913.T,ＧｒｅｅｎＢｅｅ,1
3914.T,ＪＩＧ－ＳＡＷ,4
3915.T,テラスカイ,4
3916.T,デジタル・インフォメーション・テクノロジー,6
3917.T,アイリッジ,1
3918.T,ＰＣＩホールディングス,4
3920.T,アイビーシー,6
3921.T,ネオジャパン,2
3922.T,ＰＲ　ＴＩＭＥＳ,1
3923.T,ラクス,1
3924.T,ランドコンピュータ,1
3925.T,ダブルスタンダード,4
3926.T,オープンドア,4
3927.T,フーバーブレイン,3
3928.T,マイネット,3
3929.T,ソーシャルワイヤー,1
3930.T,はてな,4
3931.T,バリューゴルフ,1
3932.T,アカツキ,4
3933.T,チエル,4
3934.T,ベネフィットジャパン,1
3935.T,エディア,1
3936.T,グローバルウェイ,3
3937.T,Ｕｂｉｃｏｍホールディングス,6
3939.T,カナミックネットワーク,1
3940.T,ノムラシステムコーポレーション,3
3941.T,レンゴー,1
3943.T,大石産業,5
3944.T,古林紙工,1
3945.T,スーパーバッグ,1
3946.T,トーモク,1
3947.T,ダイナパック,1
3948.T,光ビジネスフォーム,1
3950.T,ザ・パック,1
3951.T,朝日印刷,1
3953.T,大村紙業,1
3954.T,昭和パックス,1
3955.T,イムラ,4
3958.T,笹徳印刷,2
3961.T,シルバーエッグ・テクノロジー,4
3962.T,チェンジホールディングス,4
3963.T,シンクロ・フード,1
3964.T,オークネット,1
3965.T,キャピタル・アセット・プランニング,2
3967.T,エルテス,1
3968.T,セグエグループ,4
3969.T,エイトレッド,1
3970.T,イノベーション,4
3974.T,ＳＣＡＴ,1
3976.T,シャノン,6
3979.T,うるる,1
3981.T,ビーグリー,1
3983.T,オロ,1
3984.T,ユーザーローカル,4
3985.T,テモナ,1
3986.T,ビーブレイクシステムズ,4
3987.T,エコモット,1
3988.T,ＳＹＳホールディングス,1
3989.T,シェアリングテクノロジー,6
3991.T,ウォンテッドリー,3
3992.T,ニーズウェル,4
3993.T,ＰＫＳＨＡ　Ｔｅｃｈｎｏｌｏｇｙ,2
3994.T,マネーフォワード,1
3996.T,サインポスト,4
3997.T,トレードワークス,3
3998.T,すららネット,4
4004.T,レゾナック・ホールディングス,1
4005.T,住友化学,1
4008.T,住友精化,5
4011.T,ヘッドウォータース,2
4012.T,アクシス,1
4013.T,勤次郎,3
4014.T,カラダノート,3
4015.T,ペイクラウドホールディングス,3
4016.T,ＭＩＴホールディングス,3
4017.T,クリーマ,4
4019.T,スタメン,2
4020.T,ビートレンド,1
4021.T,日産化学,1
4022.T,ラサ工業,1
4023.T,クレハ,1
4025.T,多木化学,6
4026.T,神島化学工業,4
4027.T,テイカ,4
4028.T,石原産業,1
4031.T,片倉コープアグリ,1
4040.T,南海化学,4
4041.T,日本曹達,1
4042.T,東ソー,1
4043.T,トクヤマ,1
4044.T,セントラル硝子,1
4045.T,東亞合成,1
4046.T,大阪ソーダ,1
4047.T,関東電化工業,1
4051.T,ＧＭＯフィナンシャルゲート,4
4052.T,フィーチャ,4
4053.T,Ｓｕｎ　Ａｓｔｅｒｉｓｋ,4
4054.T,日本情報クリエイト,5
4055.T,ティアンドエスグループ,4
4056.T,ニューラルグループ,1
4057.T,インターファクトリー,4
4058.T,トヨクモ,1
4059.T,まぐまぐ,1
4060.T,ｒａｋｕｍｏ,1
4061.T,デンカ,1
4062.T,イビデン,1
4063.T,信越化学工業,1
4064.T,日本カーバイド工業,1
4068.T,ベイシス,4
4069.T,ＢｌｕｅＭｅｍｅ,1
4071.T,プラスアルファ・コンサルティング,1
4072.T,電算システムホールディングス,2
4073.T,ジィ・シィ企画,1
4074.T,ラキール,4
4075.T,ブレインズテクノロジー,2
4076.T,シイエヌエス,4
4078.T,堺化学工業,1
4080.T,田中化学研究所,3
4082.T,第一稀元素化学工業,1
4088.T,エア・ウォーター,1
4091.T,日本酸素ホールディングス,1
4092.T,日本化学工業,1
4093.T,東邦アセチレン,2
4094.T,日本化学産業,1
4095.T,日本パーカライジング,1
4097.T,高圧ガス工業,4
4098.T,チタン工業,4
4099.T,四国化成ホールディングス,1
4100.T,戸田工業,1
4102.T,丸尾カルシウム,1
4107.T,伊勢化学工業,4
4109.T,ステラ　ケミファ,1
4112.T,保土谷化学工業,1
4113.T,田岡化学工業,1
4114.T,日本触媒,1
4116.T,大日精化工業,1
4118.T,カネカ,1
4119.T,日本ピグメントホールディングス,2
4120.T,スガイ化学工業,3
4124.T,大阪油化工業,1
4125.T,三和油化工業,4
4151.T,協和キリン,1
4165.T,プレイド,4
4166.T,かっこ,1
4167.T,ココペリ,4
4168.T,ヤプリ,1
4169.T,ＥＮＥＣＨＡＮＧＥ,4
4170.T,Ｋａｉｚｅｎ　Ｐｌａｔｆｏｒｍ,1
4171.T,グローバルインフォメーション,1
4172.T,東和ハイシステム,1
4174.T,アピリッツ,4
4175.T,ｃｏｌｙ,1
4176.T,ココナラ,1
4177.T,ｉ‐ｐｌｕｇ,1
4178.T,Ｓｈａｒｉｎｇ　Ｉｎｎｏｖａｔｉｏｎｓ,1
4179.T,ジーネクスト,1
4180.T,Ａｐｐｉｅｒ　Ｇｒｏｕｐ,3
4182.T,三菱瓦斯化学,1
4183.T,三井化学,1
4186.T,東京応化工業,1
4187.T,大阪有機化学工業,1
4188.T,三菱ケミカルグループ,1
4189.T,ＫＨネオケム,1
4192.T,スパイダープラス,4
4193.T,ファブリカホールディングス,1
4194.T,ビジョナル,1
4196.T,ネオマーケティング,1
4197.T,アスマーク,1
4198.T,テンダ,4
4199.T,ワンダープラネット,1
4202.T,ダイセル,1
4203.T,住友ベークライト,1
4204.T,積水化学工業,2
4205.T,日本ゼオン,1
4206.T,アイカ工業,1
4208.T,ＵＢＥ,1
4212.T,積水樹脂,1
4216.T,旭有機材,1
4218.T,ニチバン,5
4220.T,リケンテクノス,2
4221.T,大倉工業,1
4222.T,児玉化学工業,4
4224.T,ロンシール工業,1
4228.T,積水化成品工業,1
4229.T,群栄化学工業,4
4231.T,タイガースポリマー,1
4234.T,サンエー化研,1
4235.T,ウルトラファブリックス・ホールディングス,1
4237.T,フジプレアム,4
4238.T,ミライアル,4
4240.T,クラスターテクノロジー,4
4241.T,アテクト,1
4242.T,タカギセイコー,1
4243.T,ニックス,1
4245.T,ダイキアクシス,1
4246.T,ダイキョーニシカワ,1
4247.T,ポバール興業,1
4248.T,竹本容器,3
4249.T,森六,4
4251.T,恵和,1
4255.T,ＴＨＥＣＯＯ,1
4256.T,サインド,1
4258.T,網屋,2
4259.T,エクサウィザーズ,1
4260.T,ハイブリッドテクノロジーズ,1
4261.T,アジアクエスト,1
4262.T,ニフティライフスタイル,1
4263.T,サスメド,1
4264.T,セキュア,5
4265.T,Ｉｎｓｔｉｔｕｔｉｏｎ　ｆｏｒ　ａ　Ｇｌｏｂａｌ　Ｓｏｃｉｅｔｙ,1
4267.T,ライトワークス,4
4270.T,ＢｅｅＸ,4
4272.T,日本化薬,1
4274.T,細谷火工,4
4275.T,カーリット,2
4284.T,ソルクシーズ,4
4286.T,ＣＬホールディングス,4
4287.T,ジャストプランニング,1
4288.T,アズジェント,6
4290.T,プレステージ・インターナショナル,5
4293.T,セプテーニ・ホールディングス,1
4299.T,ハイマックス,3
4301.T,アミューズ,6
4307.T,野村総合研究所,4
4308.T,Ｊストリーム,1
4310.T,ドリームインキュベータ,4
4316.T,ビーマップ,1
4317.T,レイ,1
4318.T,クイック,2
4319.T,ＴＡＣ,4
4320.T,ＣＥホールディングス,1
4323.T,日本システム技術,4
4324.T,電通グループ,4
4326.T,インテージホールディングス,1
4331.T,テイクアンドギヴ・ニーズ,1
4333.T,東邦システムサイエンス,2
4334.T,ユークス,1
4335.T,アイ・ピー・エス,4
4337.T,ぴあ,6
4341.T,西菱電機,1
4343.T,イオンファンタジー,1
4344.T,ソースネクスト,2
4345.T,シーティーエス,2
4346.T,ＮＥＸＹＺ．Ｇｒｏｕｐ,1
4347.T,ブロードメディア,2
4350.T,メディカルシステムネットワーク,2
4351.T,山田再生系債権回収総合事務所,4
4356.T,応用技術,4
4360.T,マナック・ケミカル・パートナーズ,4
4361.T,川口化学工業,2
4362.T,日本精化,1
4366.T,ダイトーケミックス,1
4367.T,広栄化学,1
4368.T,扶桑化学工業,1
4369.T,トリケミカル研究所,1
4370.T,モビルス,1
4371.T,コアコンセプト・テクノロジー,4
4372.T,ユミルリンク,3
4373.T,シンプレクス・ホールディングス,2
4374.T,ＲＯＢＯＴ　ＰＡＹＭＥＮＴ,2
4375.T,セーフィー,1
4376.T,くふうカンパニーホールディングス,6
4377.T,ワンキャリア,4
4378.T,ＣＩＮＣ,3
4379.T,Ｐｈｏｔｏｓｙｎｔｈ,4
4380.T,Ｍマート,3
4381.T,ビープラッツ,1
4382.T,ＨＥＲＯＺ,4
4384.T,ラクスル,1
4385.T,メルカリ,4
4386.T,ＳＩＧグループ,4
4387.T,ＺＵＵ,1
4388.T,エーアイ,1
4389.T,プロパティデータバンク,1
4390.T,ＩＰＳ,4
4391.T,ロジザード,4
4392.T,ＦＩＧ,1
4393.T,バンク・オブ・イノベーション,1
4394.T,エクスモーション,4
4395.T,アクリート,3
4396.T,システムサポートホールディングス,2
4397.T,チームスピリット,1
4398.T,ブロードバンドセキュリティ,4
4401.T,ＡＤＥＫＡ,1
4403.T,日油,1
4404.T,ミヨシ油脂,1
4406.T,新日本理化,1
4409.T,東邦化学工業,1
4410.T,ハリマ化成グループ,1
4412.T,サイエンスアーツ,1
4413.T,ボードルア,4
4414.T,フレクト,4
4415.T,ブロードエンタープライズ,1
4416.T,Ｔｒｕｅ　Ｄａｔａ,4
4417.T,グローバルセキュリティエキスパート,4
4418.T,ＪＤＳＣ,2
4419.T,Ｆｉｎａｔｅｘｔホールディングス,4
4420.T,イーソル,2
4421.T,ディ・アイ・システム,1
4422.T,ＶＡＬＵＥＮＥＸ,4
4424.T,Ａｍａｚｉａ,3
4425.T,Ｋｕｄａｎ,4
4427.T,ＥｄｕＬａｂ,2
4428.T,シノプス,5
4429.T,リックソフト,1
4430.T,東海ソフト,4
4431.T,スマレジ,1
4432.T,ウイングアーク１ｓｔ,4
4433.T,ヒト・コミュニケーションズ・ホールディングス,2
4434.T,サーバーワークス,4
4436.T,ミンカブ・ジ・インフォノイド,4
4437.T,ｇｏｏｄｄａｙｓホールディングス,1
4438.T,Ｗｅｌｂｙ,2
4439.T,東名,4
4440.T,ヴィッツ,1
4441.T,トビラシステムズ,1
4442.T,バルテス・ホールディングス,1
4443.T,Ｓａｎｓａｎ,4
4444.T,インフォネット,1
4445.T,リビン・テクノロジーズ,1
4446.T,Ｌｉｎｋ－Ｕグループ,4
4447.T,ピー・ビーシステムズ,1
4448.T,ｋｕｂｅｌｌ,1
4449.T,ギフティ,4
4450.T,パワーソリューションズ,1
4452.T,花王,1
4461.T,第一工業製薬,1
4462.T,石原ケミカル,1
4463.T,日華化学,1
4464.T,ソフト９９コーポレーション,4
4465.T,ニイタカ,4
4471.T,三洋化成工業,1
4475.T,ＨＥＮＮＧＥ,3
4476.T,ＡＩ　ＣＲＯＳＳ,4
4477.T,ＢＡＳＥ,4
4478.T,フリー,6
4479.T,マクアケ,1
4480.T,メドレー,1
4481.T,ベース,1
4482.T,ウィルズ,4
4483.T,ＪＭＤＣ,1
4484.T,ランサーズ,1
4486.T,ユナイトアンドグロウ,4
4487.T,スペースマーケット,1
4488.T,ＡＩ　ｉｎｓｉｄｅ,1
4490.T,ビザスク,4
4491.T,コンピューターマネージメント,1
4492.T,ゼネテック,1
4493.T,サイバーセキュリティクラウド,4
4494.T,バリオセキュア,4
4495.T,アイキューブドシステムズ,3
4496.T,コマースＯｎｅホールディングス,6
4498.T,サイバートラスト,4
4499.T,Ｓｐｅｅｅ,1
4502.T,武田薬品工業,1
4503.T,アステラス製薬,1
4506.T,住友ファーマ,1
4507.T,塩野義製薬,1
4512.T,わかもと製薬,4
4516.T,日本新薬,4
4519.T,中外製薬,4
4521.T,科研製薬,1
4523.T,エーザイ,3
4524.T,森下仁丹,1
4526.T,理研ビタミン,1
4527.T,ロート製薬,1
4528.T,小野薬品工業,1
4530.T,久光製薬,4
4531.T,有機合成薬品工業,3
4534.T,持田製薬,6
4536.T,参天製薬,1
4538.T,扶桑薬品工業,5
4539.T,日本ケミファ,1
4540.T,ツムラ,1
4543.T,テルモ,4
4544.T,Ｈ．Ｕ．グループホールディングス,1
4547.T,キッセイ薬品工業,1
4548.T,生化学工業,6
4549.T,栄研化学,1
4551.T,鳥居薬品,4
4552.T,ＪＣＲファーマ,1
4553.T,東和薬品,1
4554.T,富士製薬工業,1
4556.T,カイノス,4
4558.T,中京医薬品,3
4559.T,ゼリア新薬工業,5
4563.T,アンジェス,4
4564.T,オンコセラピー・サイエンス,1
4565.T,ネクセラファーマ,4
4568.T,第一三共,6
4569.T,杏林製薬,1
4570.T,免疫生物研究所,4
4571.T,ＮＡＮＯ　ＭＲＮＡ,2
4572.T,カルナバイオサイエンス,3
4574.T,大幸薬品,3
4575.T,キャンバス,4
4576.T,デ・ウエスタン・セラピテクス研究所,1
4577.T,ダイト,1
4578.T,大塚ホールディングス,4
4579.T,ラクオリア創薬,4
4582.T,シンバイオ製薬,3
4583.T,カイオム・バイオサイエンス,3
4584.T,キッズウェル・バイオ,2
4586.T,メドレックス,1
4587.T,ペプチドリーム,5
4588.T,オンコリスバイオファーマ,1
4591.T,リボミック,1
4592.T,サンバイオ,4
4593.T,ヘリオス,1
4594.T,ブライトパス・バイオ,1
4595.T,ミズホメディー,4
4596.T,窪田製薬ホールディングス,1
4597.T,ソレイジア・ファーマ,1
4598.T,Ｄｅｌｔａ－Ｆｌｙ　Ｐｈａｒｍａ,1
4599.T,ステムリム,4
4611.T,大日本塗料,1
4612.T,日本ペイントホールディングス,1
4613.T,関西ペイント,1
4615.T,神東塗料,5
4616.T,川上塗料,1
4617.T,中国塗料,1
4619.T,日本特殊塗料,1
4620.T,藤倉化成,1
4623.T,アサヒペン,5
4624.T,イサム塗料,1
4625.T,アトミクス,1
4626.T,太陽ホールディングス,2
4627.T,ナトコ,1
4628.T,エスケー化研,1
4629.T,大伸化学,1
4631.T,ＤＩＣ,1
4633.T,サカタインクス,1
4634.T,ａｒｔｉｅｎｃｅ,1
4635.T,東京インキ,1
4641.T,アルプス技研,2
4642.T,オリジナル設計,1
4644.T,イマジニア,2
4645.T,市進ホールディングス,1
4650.T,ＳＤエンターテイメント,2
4651.T,サニックスホールディングス,5
4657.T,環境管理センター,1
4658.T,日本空調サービス,3
4659.T,エイジス,1
4661.T,オリエンタルランド,4
4662.T,フォーカスシステムズ,3
4664.T,アール・エス・シー,1
4665.T,ダスキン,1
4666.T,パーク２４,6
4667.T,アイサンテクノロジー,6
4668.T,明光ネットワークジャパン,1
4671.T,ファルコホールディングス,6
4673.T,川崎地質,1
4674.T,クレスコ,3
4676.T,フジ・メディア・ホールディングス,1
4678.T,秀英予備校,1
4679.T,田谷,1
4680.T,ラウンドワン,1
4681.T,リゾートトラスト,1
4684.T,オービック,1
4685.T,菱友システムズ,3
4686.T,ジャストシステム,1
4687.T,ＴＤＣソフト,4
4689.T,ＬＩＮＥヤフー,1
4690.T,日本パレットプール,1
4691.T,ワシントンホテル,1
4694.T,ビー・エム・エル,1
4704.T,トレンドマイクロ,4
4705.T,クリップコーポレーション,1
4707.T,キタック,3
4709.T,ＩＤホールディングス,2
4712.T,ＫｅｙＨｏｌｄｅｒ,4
4714.T,リソー教育,4
4716.T,日本オラクル,4
4718.T,早稲田アカデミー,1
4719.T,アルファシステムズ,3
4720.T,城南進学研究社,4
4722.T,フューチャー,1
4725.T,ＣＡＣ　Ｈｏｌｄｉｎｇｓ,6
4728.T,トーセ,1
4732.T,ユー・エス・エス,1
4733.T,オービックビジネスコンサルタント,1
4735.T,京進,4
4736.T,日本ラッド,4
4743.T,アイティフォー,1
4745.T,東京個別指導学院,1
4746.T,東計電算,1
4750.T,ダイサン,1
4751.T,サイバーエージェント,2
4752.T,昭和システムエンジニアリング,1
4754.T,トスネット,1
4755.T,楽天グループ,4
4760.T,アルファ,1
4761.T,さくらケーシーエス,1
4762.T,エックスネット,1
4763.T,クリーク・アンド・リバー社,2
4765.T,ＳＢＩグローバルアセットマネジメント,6
4766.T,ピーエイ,1
4767.T,テー・オー・ダブリュー,3
4768.T,大塚商会,4
4769.T,ＩＣ,3
4771.T,エフアンドエム,1
4772.T,ＳＭ　ＥＮＴＥＲＴＡＩＮＭＥＮＴ　ＪＡＰＡＮ,1
4776.T,サイボウズ,1
4777.T,ガーラ,2
4783.T,ＮＣＤ,4
4784.T,ＧＭＯインターネット,5
4792.T,山田コンサルティンググループ,1
4800.T,オリコン,4
4801.T,セントラルスポーツ,1
4809.T,パラカ,1
4811.T,ドリーム・アーツ,1
4812.T,電通総研,4
4813.T,ＡＣＣＥＳＳ,4
4814.T,ネクストウェア,4
4816.T,東映アニメーション,1
4819.T,デジタルガレージ,4
4820.T,イーエムシステムズ,3
4825.T,ウェザーニューズ,1
4826.T,ＣＩＪ,4
4828.T,ビジネスエンジニアリング,2
4829.T,日本エンタープライズ,1
4832.T,ＪＦＥシステムズ,1
4833.T,Ｄｅｆ　ｃｏｎｓｕｌｔｉｎｇ,4
4838.T,スペースシャワーＳＫＩＹＡＫＩホールディングス,5
4839.T,ＷＯＷＯＷ,1
4840.T,トライアイズ,1
4845.T,スカラ,1
4847.T,インテリジェント　ウェイブ,4
4848.T,フルキャストホールディングス,4
4849.T,エン・ジャパン,1
4875.T,メディシノバ・インク,4
4880.T,セルソース,2
4881.T,ファンペップ,4
4882.T,ペルセウスプロテオミクス,4
4883.T,モダリス,1
4884.T,クリングルファーマ,4
4885.T,室町ケミカル,4
4886.T,あすか製薬ホールディングス,2
4887.T,サワイグループホールディングス,1
4888.T,ステラファーマ,1
4889.T,レナサイエンス,1
4890.T,坪田ラボ,4
4891.T,ティムス,1
4892.T,サイフューズ,4
4893.T,ノイルイミューン・バイオテック,1
4894.T,クオリプス,6
4896.T,ケイファーマ,4
4901.T,富士フイルムホールディングス,4
4902.T,コニカミノルタ,4
4911.T,資生堂,3
4912.T,ライオン,4
4914.T,高砂香料工業,1
4917.T,マンダム,1
4918.T,アイビー化粧品,3
4919.T,ミルボン,6
4920.T,日本色材工業研究所,1
4922.T,コーセー,3
4923.T,コタ,4
4925.T,ハーバー研究所,4
4926.T,シーボン,1
4927.T,ポーラ・オルビスホールディングス,4
4928.T,ノエビアホールディングス,1
4929.T,アジュバンホールディングス,1
4931.T,新日本製薬,1
4932.T,アルマード,4
4933.T,Ｉ－ｎｅ,6
4934.T,プレミアアンチエイジング,4
4935.T,リベルタ,1
4936.T,アクシージア,1
4937.T,Ｗａｑｏｏ,5
4951.T,エステー,1
4956.T,コニシ,1
4957.T,ヤスハラケミカル,4
4958.T,長谷川香料,1
4960.T,ケミプロ化成,6
4966.T,上村工業,1
4967.T,小林製薬,4
4968.T,荒川化学工業,6
4970.T,東洋合成工業,1
4971.T,メック,1
4972.T,綜研化学,1
4973.T,日本高純度化学,1
4974.T,タカラバイオ,1
4975.T,ＪＣＵ,1
4976.T,東洋ドライルーブ,1
4977.T,新田ゼラチン,1
4978.T,リプロセル,1
4979.T,ＯＡＴアグリオ,1
4980.T,デクセリアルズ,2
4985.T,アース製薬,4
4990.T,昭和化学工業,1
4992.T,北興化学工業,1
4994.T,大成ラミックグループ,1
4996.T,クミアイ化学工業,1
4997.T,日本農薬,1
4998.T,フマキラー,1
5009.T,富士興産,4
5010.T,日本精蝋,3
5011.T,ニチレキグループ,1
5013.T,ユシロ,1
5015.T,ビーピー・カストロール,2
5016.T,ＪＸ金属,1
5017.T,富士石油,1
5018.T,ＭＯＲＥＳＣＯ,1
5019.T,出光興産,1
5020.T,ＥＮＥＯＳホールディングス,1
5021.T,コスモエネルギーホールディングス,1
5025.T,マーキュリー,3
5026.T,トリプルアイズ,2
5027.T,ＡｎｙＭｉｎｄ　Ｇｒｏｕｐ,2
5028.T,セカンドサイトアナリティカ,1
5029.T,サークレイス,4
5031.T,モイ,5
5032.T,ＡＮＹＣＯＬＯＲ,2
5033.T,ヌーラボ,4
5034.T,ｕｎｅｒｒｙ,4
5035.T,ＨＯＵＳＥＩ,5
5036.T,日本ビジネスシステムズ,4
5038.T,ｅＷｅＬＬ,4
5070.T,ドラフト,6
5071.T,ヴィス,1
5074.T,テスホールディングス,1
5076.T,インフロニア・ホールディングス,1
50765.T,インフロニア・ホールディングス第１回社債型種類株式,3
5078.T,セレコーポレーション,1
5079.T,ノバック,1
5101.T,横浜ゴム,1
5103.T,昭和ホールディングス,1
5105.T,ＴＯＹＯ　ＴＩＲＥ,1
5108.T,ブリヂストン,1
5110.T,住友ゴム工業,6
5121.T,藤倉コンポジット,1
5122.T,オカモト,4
5125.T,ファインズ,1
5126.T,ポーターズ,6
5129.T,ＦＩＸＥＲ,4
5131.T,リンカーズ,1
5132.T,ｐｌｕｓｚｅｒｏ,3
5133.T,テリロジーホールディングス,1
5134.T,ＰＯＰＥＲ,3
5136.T,ｔｒｉｐｌａ,4
5137.T,スマートドライブ,4
5138.T,Ｒｅｂａｓｅ,1
5139.T,オープンワーク,4
5142.T,アキレス,4
5161.T,西川ゴム工業,1
5162.T,朝日ラバー,1
5184.T,ニチリン,1
5185.T,フコク,1
5186.T,ニッタ,1
5187.T,クリエートメディック,1
5189.T,櫻護謨,1
5191.T,住友理工,1
5192.T,三ツ星ベルト,5
5194.T,相模ゴム工業,1
5195.T,バンドー化学,1
5199.T,不二ラテックス,6
5201.T,ＡＧＣ,1
5202.T,日本板硝子,1
5204.T,石塚硝子,3
5208.T,有沢製作所,1
5210.T,日本山村硝子,1
5214.T,日本電気硝子,1
5216.T,倉元製作所,1
5218.T,オハラ,1
5232.T,住友大阪セメント,1
5233.T,太平洋セメント,4
5237.T,ノザワ,1
5240.T,ｍｏｎｏＡＩ　ｔｅｃｈｎｏｌｏｇｙ,4
5242.T,アイズ,3
5243.T,ｎｏｔｅ,4
5244.T,ｊｉｇ．ｊｐ,1
5246.T,ＥＬＥＭＥＮＴＳ,4
5247.T,ＢＴＭ,4
5248.T,テクノロジーズ,3
5250.T,プライム・ストラテジー,3
5252.T,日本ナレッジ,1
5253.T,カバー,2
5254.T,Ａｒｅｎｔ,4
5255.T,モンスターラボ,2
5256.T,Ｆｕｓｉｃ,1
5257.T,ノバシステム,1
5258.T,トランザクション・メディア・ネットワークス,3
5259.T,ＢＢＤイニシアティブ,1
5261.T,リソルホールディングス,1
5262.T,日本ヒューム,1
5268.T,旭コンクリート工業,1
5269.T,日本コンクリート工業,4
5273.T,三谷セキサン,1
5279.T,日本興業,1
5280.T,ヨシコン,1
5282.T,ジオスター,1
5283.T,高見澤,4
5284.T,ヤマウホールディングス,1
5285.T,ヤマックス,1
5287.T,イトーヨーギョー,1
5288.T,アジアパイルホールディングス,1
5290.T,ベルテクスコーポレーション,1
5301.T,東海カーボン,1
5302.T,日本カーボン,4
5304.T,ＳＥＣカーボン,1
5310.T,東洋炭素,1
5331.T,ノリタケ,1
5332.T,ＴＯＴＯ,2
5333.T,日本碍子,1
5334.T,日本特殊陶業,1
5337.T,ダントーホールディングス,1
5341.T,ＡＳＡＨＩ　ＥＩＴＯホールディングス,4
5344.T,ＭＡＲＵＷＡ,1
5351.T,品川リフラクトリーズ,1
5352.T,黒崎播磨,1
5355.T,日本坩堝,1
5356.T,美濃窯業,1
5357.T,ヨータイ,4
5363.T,東京窯業,1
5367.T,ニッカトー,4
5368.T,日本インシュレーション,1
5380.T,新東,1
5381.T,Ｍｉｐｏｘ,1
5384.T,フジミインコーポレーテッド,1
5386.T,鶴弥,1
5388.T,クニミネ工業,1
5391.T,エーアンドエーマテリアル,1
5393.T,ニチアス,1
5401.T,日本製鉄,5
5406.T,神戸製鋼所,6
5408.T,中山製鋼所,5
5410.T,合同製鐵,1
5411.T,ＪＦＥホールディングス,1
5423.T,東京製鐵,1
5440.T,共英製鋼,1
5444.T,大和工業,1
5445.T,東京鐵鋼,1
5446.T,北越メタル,4
5449.T,大阪製鐵,1
5451.T,淀川製鋼所,1
5458.T,高砂鐵工,1
5461.T,中部鋼鈑,1
5463.T,丸一鋼管,1
5464.T,モリ工業,6
5471.T,大同特殊鋼,1
5476.T,日本高周波鋼業,1
5480.T,日本冶金工業,1
5482.T,愛知製鋼,1
5484.T,東北特殊鋼,4
5491.T,日本金属,2
5525.T,フロンティアホールディングス,1
5527.T,ｐｒｏｐｅｒｔｙ　ｔｅｃｈｎｏｌｏｇｉｅｓ,1
5532.T,リアルゲイト,3
5533.T,エリッツホールディングス,1
5535.T,ミガロホールディングス,4
5541.T,大平洋金属,1
5542.T,新報国マテリアル,1
5563.T,新日本電工,1
5570.T,ジェノバ,4
5571.T,エキサイトホールディングス,1
5572.T,Ｒｉｄｇｅ－ｉ,4
5574.T,ＡＢＥＪＡ,1
5575.T,Ｇｌｏｂｅｅ,2
5576.T,オービーシステム,1
5577.T,アイデミー,3
5578.T,ＡＲアドバンストテクノロジ,1
5580.T,プロディライト,1
5582.T,グリッド,4
5586.T,Ｌａｂｏｒｏ．ＡＩ,4
5587.T,インバウンドプラットフォーム,4
5588.T,ファーストアカウンティング,5
5589.T,オートサーバー,4
5590.T,ネットスターズ,2
5591.T,ＡＶＩＬＥＮ,4
5592.T,くすりの窓口,1
5595.T,ＱＰＳ研究所,2
5596.T,アウトルックコンサルティング,1
5597.T,ブルーイノベーション,1
5599.T,Ｓ＆Ｊ,4
5602.T,栗本鐵工所,1
5603.T,虹技,1
5609.T,日本鋳造,1
5612.T,日本鋳鉄管,1
5616.T,雨風太陽,1
5618.T,ナイル,1
5619.T,マーソ,2
5621.T,ヒューマンテクノロジーズ,3
5631.T,日本製鋼所,1
5632.T,三菱製鋼,1
5644.T,メタルアート,1
5658.T,日亜鋼業,1
5659.T,日本精線,3
5660.T,神鋼鋼線工業,1
5695.T,パウダーテック,1
5697.T,サンユウ,2
5698.T,エンビプロ・ホールディングス,1
5699.T,イボキン,1
5702.T,大紀アルミニウム工業所,1
5703.T,日本軽金属ホールディングス,1
5704.T,ＪＭＣ,4
5706.T,三井金属鉱業,1
5707.T,東邦亜鉛,1
5711.T,三菱マテリアル,1
5713.T,住友金属鉱山,2
5714.T,ＤＯＷＡホールディングス,1
5715.T,古河機械金属,1
5721.T,エス・サイエンス,4
5724.T,アサカ理研,1
5726.T,大阪チタニウムテクノロジーズ,1
5727.T,東邦チタニウム,1
5729.T,日本精鉱,1
5741.T,ＵＡＣＪ,1
5742.T,エヌアイシ・オートテック,4
5753.T,日本伸銅,5
5757.T,ＣＫサンエツ,1
5801.T,古河電気工業,1
5802.T,住友電気工業,1
5803.T,フジクラ,1
5805.T,ＳＷＣＣ,1
5816.T,オーナンバ,6
5817.T,ＪＭＡＣＳ,1
5819.T,カナレ電気,1
5820.T,三ッ星,4
5821.T,平河ヒューテック,6
5830.T,いよぎんホールディングス,1
5831.T,しずおかフィナンシャルグループ,1
5832.T,ちゅうぎんフィナンシャルグループ,1
5834.T,ＳＢＩリーシングサービス,1
5838.T,楽天銀行,4
5842.T,インテグラル,1
5843.T,ニッポンインシュア,1
5844.T,京都フィナンシャルグループ,1
5845.T,全保連,4
5851.T,リョービ,1
5852.T,アーレスティ,1
5856.T,エルアイイーエイチ,2
5857.T,ＡＲＥホールディングス,1
5858.T,ＳＴＧ,6
5867.T,エスネットワークス,1
5868.T,ロココ,3
5869.T,早稲田学習研究会,1
5870.T,ナルネットコミュニケーションズ,1
5871.T,ＳＯＬＩＺＥ,4
5884.T,クラダシ,3
5885.T,ジーデップ・アドバンス,1
5888.T,ＤＡＩＷＡ　ＣＹＣＬＥ,4
5889.T,Ｊａｐａｎ　Ｅｙｅｗｅａｒ　Ｈｏｌｄｉｎｇｓ,4
5891.T,魁力屋,1
5892.T,ｙｕｔｏｒｉ,1
5893.T,ＲＡＶＩＰＡ,1
5900.T,ダイケン,3
5901.T,東洋製罐グループホールディングス,1
5902.T,ホッカンホールディングス,1
5903.T,シンポ,1
5905.T,日本製罐,4
5906.T,エムケー精工,2
5909.T,コロナ,1
5911.T,横河ブリッジホールディングス,1
5915.T,駒井ハルテック,5
5918.T,瀧上工業,4
5921.T,川岸工業,1
5922.T,那須電機鉄工,3
5923.T,高田機工,1
5928.T,アルメタックス,1
5929.T,三和ホールディングス,4
5930.T,文化シヤッター,1
5932.T,三協立山,3
5933.T,アルインコ,1
5936.T,東洋シヤッター,2
5938.T,ＬＩＸＩＬ,1
5939.T,大谷工業,3
5940.T,不二サッシ,1
5941.T,中西製作所,2
5942.T,日本フイルコン,1
5943.T,ノーリツ,1
5945.T,天龍製鋸,1
5946.T,長府製作所,1
5947.T,リンナイ,1
5949.T,ユニプレス,1
5950.T,日本パワーファスニング,4
5951.T,ダイニチ工業,1
5952.T,アマテイ,5
5955.T,ワイズホールディングス,1
5956.T,トーソー,1
5957.T,日東精工,1
5958.T,三洋工業,1
5959.T,岡部,1
5962.T,浅香工業,1
5965.T,フジマック,1
5966.T,京都機械工具,1
5967.T,ＴＯＮＥ,5
5969.T,ロブテックス,1
5970.T,ジーテクト,1
5971.T,共和工業所,1
5973.T,トーアミ,5
5974.T,中国工業,6
5975.T,東プレ,1
5976.T,高周波熱錬,1
5981.T,東京製綱,1
5982.T,マルゼン,1
5983.T,イワブチ,3
5984.T,兼房,4
5985.T,サンコール,1
5986.T,モリテック　スチール,1
5987.T,オーネックス,4
5988.T,パイオラックス,4
5989.T,エイチワン,1
5990.T,スーパーツール,1
5991.T,日本発條,1
5992.T,中央発條,1
5994.T,ファインシンター,1
5997.T,協立エアテック,1
5998.T,アドバネクス,4
6005.T,三浦工業,6
6013.T,タクマ,1
6016.T,ジャパンエンジンコーポレーション,1
6018.T,阪神内燃機工業,3
6022.T,赤阪鐵工所,1
6023.T,ダイハツインフィニアース,1
6026.T,ＧＭＯ　ＴＥＣＨ,4
6027.T,弁護士ドットコム,4
6028.T,テクノプロ・ホールディングス,1
6029.T,アトラグループ,1
6030.T,アドベンチャー,4
6031.T,ＺＥＴＡ,1
6033.T,エクストリーム,1
6034.T,ＭＲＴ,4
6035.T,アイ・アールジャパンホールディングス,6
6036.T,ＫｅｅＰｅｒ技研,4
6037.T,楽待,1
6038.T,イード,4
6039.T,日本動物高度医療センター,1
6040.T,日本スキー場開発,1
6042.T,ニッキ,1
6044.T,三機サービス,1
6045.T,レントラックス,1
6046.T,リンクバル,3
6047.T,Ｇｕｎｏｓｙ,1
6048.T,デザインワン・ジャパン,4
6049.T,イトクロ,3
6050.T,イー・ガーディアン,1
6054.T,リブセンス,1
6055.T,ジャパンマテリアル,4
6058.T,ベクトル,1
6059.T,ウチヤマホールディングス,2
6060.T,こころネット,1
6061.T,ユニバーサル園芸社,1
6062.T,チャーム・ケア・コーポレーション,1
6063.T,日本エマージェンシーアシスタンス,4
6069.T,トレンダーズ,1
6070.T,キャリアリンク,1
6071.T,ＩＢＪ,1
6072.T,地盤ネットホールディングス,3
6073.T,アサンテ,3
6074.T,ジェイエスエス,1
6078.T,バリューＨＲ,1
6080.T,Ｍ＆Ａキャピタルパートナーズ,3
6081.T,アライドアーキテクツ,1
6082.T,ライドオンエクスプレスホールディングス,4
6083.T,ＥＲＩホールディングス,1
6085.T,アーキテクツ・スタジオ・ジャパン,1
6086.T,シンメンテホールディングス,1
6087.T,アビスト,1
6088.T,シグマクシス・ホールディングス,4
6089.T,ウィルグループ,1
6090.T,ヒューマン・メタボローム・テクノロジーズ,3
6091.T,ウエスコホールディングス,1
6092.T,エンバイオ・ホールディングス,1
6093.T,エスクロー・エージェント・ジャパン,4
6094.T,フリークアウト・ホールディングス,4
6095.T,メドピア,1
6096.T,レアジョブ,4
6098.T,リクルートホールディングス,4
6099.T,エラン,1
6101.T,ツガミ,6
6103.T,オークマ,2
6104.T,芝浦機械,1
6113.T,アマダ,1
6118.T,アイダエンジニアリング,4
6125.T,岡本工作機械製作所,1
6134.T,ＦＵＪＩ,1
6135.T,牧野フライス製作所,1
6136.T,オーエスジー,1
6137.T,小池酸素工業,1
6138.T,ダイジェット工業,1
6140.T,旭ダイヤモンド工業,1
6141.T,ＤＭＧ森精機,1
6143.T,ソディック,1
6144.T,西部電機,1
6145.T,ＮＩＴＴＯＫＵ,1
6146.T,ディスコ,1
6147.T,ヤマザキ,1
6149.T,小田原エンジニアリング,3
6150.T,タケダ機械,5
6151.T,日東工器,1
6155.T,高松機械工業,1
6156.T,エーワン精密,4
6157.T,日進工具,1
6158.T,和井田製作所,1
6159.T,ミクロン精密,1
6161.T,エスティック,1
6165.T,パンチ工業,1
6166.T,中村超硬,1
6167.T,冨士ダイス,1
6171.T,土木管理総合試験所,1
6173.T,アクアライン,4
6176.T,ブランジスタ,1
6177.T,ＡｐｐＢａｎｋ,4
6178.T,日本郵政,1
6180.T,ＧＭＯメディア,5
6181.T,タメニー,3
6182.T,メタリアル,2
6183.T,ベルシステム２４ホールディングス,2
6184.T,鎌倉新書,2
6185.T,ＳＭＮ,6
6186.T,一蔵,1
6189.T,グローバルキッズＣＯＭＰＡＮＹ,1
6190.T,フェニックスバイオ,1
6191.T,エアトリ,1
6193.T,バーチャレクス・ホールディングス,4
6194.T,アトラエ,1
6195.T,ホープ,3
6196.T,ストライク,1
6197.T,ソラスト,1
6198.T,キャリア,4
6199.T,セラク,4
6200.T,インソース,4
6201.T,豊田自動織機,4
6203.T,豊和工業,4
6208.T,石川製作所,6
6209.T,リケンＮＰＲ,1
6210.T,ＴＯＹＯイノベックス,2
6217.T,津田駒工業,4
6218.T,エンシュウ,4
6222.T,島精機製作所,1
6223.T,西部技研,4
6224.T,ＪＲＣ,1
6226.T,守谷輸送機工業,1
6227.T,ＡＩメカテック,1
6228.T,ジェイ・イー・ティ,4
6229.T,オーケーエム,2
6230.T,ＳＡＮＥＩ,1
6231.T,木村工機,1
6232.T,ＡＣＳＬ,3
6233.T,ＫＬＡＳＳ,1
6235.T,オプトラン,1
6237.T,イワキポンプ,1
6238.T,フリュー,1
6239.T,ナガオカ,1
6240.T,ヤマシンフィルタ,1
6245.T,ヒラノテクシード,1
6246.T,テクノスマート,1
6247.T,日阪製作所,1
6248.T,横田製作所,4
6249.T,ゲームカード・ジョイコホールディングス,1
6250.T,やまびこ,1
6254.T,野村マイクロ・サイエンス,3
6255.T,エヌ・ピー・シー,4
6257.T,藤商事,2
6258.T,平田機工,1
6262.T,ＰＥＧＡＳＵＳ,1
6264.T,マルマエ,1
6265.T,コンバム,1
6266.T,タツモ,1
6267.T,ゼネラルパッカー,1
6268.T,ナブテスコ,1
6269.T,三井海洋開発,1
6272.T,レオン自動機,1
6273.T,ＳＭＣ,4
6276.T,シリウスビジョン,3
6277.T,ホソカワミクロン,1
6278.T,ユニオンツール,1
6279.T,瑞光,4
6282.T,オイレス工業,6
6284.T,日精エー・エス・ビー機械,1
6286.T,靜甲,1
6287.T,サトー,1
6289.T,技研製作所,4
6291.T,日本エアーテック,1
6292.T,カワタ,1
6293.T,日精樹脂工業,1
6294.T,オカダアイヨン,1
6297.T,鉱研工業,1
6298.T,ワイエイシイホールディングス,1
6301.T,小松製作所,1
6302.T,住友重機械工業,1
6305.T,日立建機,1
6306.T,日工,1
6307.T,サンセイ,2
6309.T,巴工業,1
6310.T,井関農機,1
6312.T,フロイント産業,1
6315.T,ＴＯＷＡ,1
6316.T,丸山製作所,1
6317.T,北川鉄工所,1
6322.T,タクミナ,1
6323.T,ローツェ,1
6324.T,ハーモニック・ドライブ・システムズ,4
6325.T,タカキタ,1
6326.T,クボタ,1
6327.T,北川精機,1
6328.T,荏原実業,1
6330.T,東洋エンジニアリング,1
6331.T,三菱化工機,1
6332.T,月島ホールディングス,1
6333.T,帝国電機製作所,1
6334.T,明治機械,3
6335.T,東京機械製作所,1
6336.T,石井表記,1
6337.T,テセック,1
6338.T,タカトリ,3
6339.T,新東工業,1
6340.T,澁谷工業,1
6342.T,太平製作所,5
6343.T,フリージア・マクロス,6
6345.T,アイチ　コーポレーション,4
6346.T,キクカワエンタープライズ,1
6347.T,プラコー,2
6349.T,小森コーポレーション,1
6351.T,鶴見製作所,1
6356.T,日本ギア工業,3
6357.T,三精テクノロジーズ,1
6358.T,酒井重工業,1
6360.T,東京自働機械製作所,1
6361.T,荏原製作所,1
6363.T,酉島製作所,1
6364.T,ＡＩＲＭＡＮ,1
6365.T,電業社機械製作所,3
6366.T,千代田化工建設,3
6367.T,ダイキン工業,1
6368.T,オルガノ,1
6369.T,トーヨーカネツ,1
6370.T,栗田工業,1
6371.T,椿本チエイン,1
6373.T,大同工業,1
6376.T,日機装,1
6378.T,木村化工機,1
6379.T,レイズネクスト,1
6380.T,オリエンタルチエン工業,4
6381.T,アネスト岩田,1
6382.T,トリニティ工業,4
6383.T,ダイフク,1
6384.T,昭和真空,4
6387.T,サムコ,1
6390.T,加藤製作所,1
6391.T,加地テック,3
6392.T,ヤマダコーポレーション,1
6393.T,油研工業,1
6395.T,タダノ,1
6396.T,宇野澤組鐵工所,1
6400.T,不二精機,1
6402.T,兼松エンジニアリング,1
6403.T,水道機工,1
6405.T,鈴茂器工,4
6406.T,フジテック,3
6407.T,ＣＫＤ,1
6408.T,小倉クラッチ,1
6411.T,中野冷機,1
6412.T,平和,4
6413.T,理想科学工業,1
6416.T,桂川電機,5
6417.T,ＳＡＮＫＹＯ,1
6418.T,日本金銭機械,4
6419.T,マースグループホールディングス,1
6420.T,ガリレイ,1
6424.T,高見沢サイバネティックス,4
6425.T,ユニバーサルエンターテインメント,4
6428.T,オーイズミ,3
6430.T,ダイコク電機,4
6432.T,竹内製作所,1
6433.T,ヒーハイスト,1
6436.T,アマノ,1
6440.T,ＪＵＫＩ,1
6444.T,サンデン,4
6445.T,ジャノメ,4
6448.T,ブラザー工業,1
6454.T,マックス,1
6455.T,モリタホールディングス,1
6457.T,グローリー,1
6458.T,新晃工業,1
6459.T,大和冷機工業,1
6460.T,セガサミーホールディングス,3
6463.T,ＴＰＲ,1
6464.T,ツバキ・ナカシマ,5
6465.T,ホシザキ,6
6466.T,ＴＶＥ,1
6467.T,ニチダイ,1
6469.T,放電精密加工研究所,4
6470.T,大豊工業,4
6471.T,日本精工,1
6472.T,ＮＴＮ,1
6473.T,ジェイテクト,1
6474.T,不二越,1
6479.T,ミネベアミツミ,1
6480.T,日本トムソン,1
6481.T,ＴＨＫ,1
6482.T,ＹＵＳＨＩＮ,6
6484.T,ＫＶＫ,1
6485.T,前澤給装工業,5
6486.T,イーグル工業,1
6488.T,ヨシタケ,1
6489.T,前澤工業,3
6490.T,ＰＩＬＬＡＲ,1
6492.T,岡野バルブ製造,1
6493.T,ＮＩＴＴＡＮ,1
6494.T,ＮＦＫホールディングス,1
6495.T,宮入バルブ製作所,1
6496.T,中北製作所,1
6497.T,ハマイ,1
6498.T,キッツ,1
6501.T,日立製作所,1
6503.T,三菱電機,1
6504.T,富士電機,1
6505.T,東洋電機製造,1
6506.T,安川電機,4
6507.T,シンフォニアテクノロジー,1
6508.T,明電舎,1
6513.T,オリジン,4
6516.T,山洋電気,6
6517.T,デンヨー,1
6518.T,三相電機,1
6521.T,オキサイド,3
6522.T,アスタリスク,4
6523.T,ＰＨＣホールディングス,4
6524.T,湖北工業,1
6525.T,ＫＯＫＵＳＡＩ　ＥＬＥＣＴＲＩＣ,1
6526.T,ソシオネクスト,1
6532.T,ベイカレント,1
6533.T,Ｏｒｃｈｅｓｔｒａ　Ｈｏｌｄｉｎｇｓ,4
6535.T,アイモバイル,2
6537.T,ＷＡＳＨハウス,2
6538.T,ディスラプターズ,1
6539.T,ＭＳ－Ｊａｐａｎ,1
6540.T,船場,1
6542.T,ＦＣホールディングス,1
6543.T,日宣,1
6544.T,ジャパンエレベーターサービスホールディングス,1
6545.T,インターネットインフィニティー,4
6546.T,フルテック,1
6547.T,グリーンズ,4
6548.T,旅工房,4
6549.T,ディーエムソリューションズ,2
6550.T,Ｕｎｉｐｏｓ,4
6551.T,ツナググループ・ホールディングス,6
6552.T,ＧａｍｅＷｉｔｈ,2
6554.T,エスユーエス,3
6555.T,ＭＳ＆Ｃｏｎｓｕｌｔｉｎｇ,1
6557.T,ＡＩＡＩグループ,1
6558.T,クックビズ,4
6560.T,エル・ティー・エス,1
6561.T,ＨＡＮＡＴＯＵＲ　ＪＡＰＡＮ,6
6562.T,ジーニー,3
6563.T,みらいワークス,5
6564.T,ミダックホールディングス,4
6565.T,ＡＢホテル,4
6566.T,要興業,1
6568.T,神戸天然物化学,1
6570.T,共和コーポレーション,1
6571.T,キュービーネットホールディングス,1
6572.T,オープングループ,1
6573.T,アジャイルメディア・ネットワーク,1
6574.T,コンヴァノ,1
6577.T,ベストワンドットコム,4
6578.T,コレックホールディングス,5
6579.T,ログリー,1
6580.T,ライトアップ,1
6584.T,三櫻工業,1
6586.T,マキタ,1
6588.T,東芝テック,1
6590.T,芝浦メカトロニクス,1
6592.T,マブチモーター,1
6594.T,ニデック,4
6597.T,ＨＰＣシステムズ,2
6599.T,エブレン,1
6612.T,バルミューダ,4
6613.T,ＱＤレーザ,6
6614.T,シキノハイテック,4
6615.T,ユー・エム・シー・エレクトロニクス,4
6616.T,トレックス・セミコンダクター,1
6617.T,東光高岳,1
6619.T,ダブル・スコープ,4
6620.T,宮越ホールディングス,1
6622.T,ダイヘン,1
6625.T,ＪＡＬＣＯホールディングス,1
6626.T,ＳＥＭＩＴＥＣ,1
6627.T,テラプローブ,1
6629.T,テクノホライゾン,1
6630.T,ヤーマン,4
6632.T,ＪＶＣケンウッド,4
6633.T,ＣＧＳホールディングス,4
6634.T,ネクスグループ,4
6635.T,大日光・エンジニアリング,1
6637.T,寺崎電気産業,1
6638.T,ミマキエンジニアリング,1
6643.T,戸上電機製作所,1
6644.T,大崎電気工業,1
6645.T,オムロン,4
6647.T,森尾電機,1
6648.T,かわでん,1
6651.T,日東工業,1
6652.T,ＩＤＥＣ,4
6653.T,正興電機製作所,1
6654.T,不二電機工業,1
6656.T,インスペック,4
6658.T,シライ電子工業,1
6659.T,メディアリンクス,1
6662.T,ユビテック,1
6663.T,太洋テクノレックス,1
6664.T,オプトエレクトロニクス,1
6666.T,リバーエレテック,2
6668.T,アドテック　プラズマ　テクノロジー,2
6670.T,ＭＣＪ,6
6674.T,ジーエス・ユアサ　コーポレーション,2
6675.T,サクサ,1
6676.T,ＢＵＦＦＡＬＯ,4
6677.T,エスケーエレクトロニクス,1
6678.T,テクノメディカ,1
6694.T,ズーム,1
6696.T,トラース・オン・プロダクト,4
6699.T,ダイヤモンドエレクトリックホールディングス,1
6701.T,日本電気,1
6702.T,富士通,4
6703.T,沖電気工業,2
6706.T,電気興業,1
6707.T,サンケン電気,1
6718.T,アイホン,1
6721.T,ウインテスト,1
6723.T,ルネサスエレクトロニクス,1
6724.T,セイコーエプソン,4
6727.T,ワコム,1
6728.T,アルバック,1
6730.T,アクセル,5
6731.T,ピクセラ,1
6734.T,ニューテック,1
6736.T,サン電子,4
6737.T,ＥＩＺＯ,1
6740.T,ジャパンディスプレイ,2
6741.T,日本信号,1
6742.T,京三製作所,1
6743.T,大同信号,1
6744.T,能美防災,1
6745.T,ホーチキ,2
6748.T,星和電機,1
6750.T,エレコム,1
6752.T,パナソニック　ホールディングス,4
6753.T,シャープ,4
6754.T,アンリツ,1
6755.T,富士通ゼネラル,5
6757.T,ＯＳＧコーポレーション,2
6758.T,ソニーグループ,4
6762.T,ＴＤＫ,1
6763.T,帝国通信工業,1
6768.T,タムラ製作所,1
6769.T,ザインエレクトロニクス,2
6770.T,アルプスアルパイン,1
6771.T,池上通信機,2
6772.T,東京コスモス電機,1
6775.T,ＴＢグループ,6
6776.T,天昇電気工業,1
6777.T,ｓａｎｔｅｃ　Ｈｏｌｄｉｎｇｓ,1
6778.T,アルチザネットワークス,1
6779.T,日本電波工業,1
6785.T,鈴木,1
6786.T,ＲＶＨ,1
6787.T,メイコー,1
6788.T,日本トリム,1
6794.T,フォスター電機,1
6797.T,名古屋電機工業,1
6798.T,ＳＭＫ,1
6800.T,ヨコオ,1
6803.T,ティアック,1
6804.T,ホシデン,1
6806.T,ヒロセ電機,1
6807.T,日本航空電子工業,4
6809.T,ＴＯＡ,4
6810.T,マクセル,1
6814.T,古野電気,1
6817.T,スミダコーポレーション,1
6819.T,伊豆シャボテンリゾート,1
6820.T,アイコム,4
6822.T,大井電気,1
6823.T,リオン,1
6824.T,新コスモス電機,2
6832.T,アオイ電子,1
6834.T,精工技研,1
6835.T,アライドテレシスホールディングス,3
6836.T,ぷらっとホーム,1
6837.T,京写,1
6838.T,多摩川ホールディングス,3
6840.T,ＡＫＩＢＡホールディングス,1
6841.T,横河電機,1
6844.T,新電元工業,1
6845.T,アズビル,1
6848.T,東亜ディーケーケー,1
6849.T,日本光電工業,4
6850.T,チノー,3
6853.T,共和電業,3
6855.T,日本電子材料,1
6856.T,堀場製作所,1
6857.T,アドバンテスト,1
6858.T,小野測器,1
6859.T,エスペック,1
6861.T,キーエンス,4
6862.T,ミナトホールディングス,4
6863.T,ニレコ,2
6864.T,エヌエフホールディングス,4
6866.T,日置電機,4
6867.T,リーダー電子,2
6869.T,シスメックス,1
6870.T,日本フェンオール,1
6871.T,日本マイクロニクス,1
6874.T,協立電機,4
6875.T,メガチップス,1
6877.T,ＯＢＡＲＡ　ＧＲＯＵＰ,1
6879.T,ＩＭＡＧＩＣＡ　ＧＲＯＵＰ,1
6882.T,三社電機製作所,2
6888.T,アクモス,4
6890.T,フェローテックホールディングス,1
6894.T,パルステック工業,1
6897.T,ツインバード,4
6898.T,トミタ電機,1
6899.T,ＡＳＴＩ,1
6901.T,澤藤電機,1
6902.T,デンソー,1
6904.T,原田工業,4
6905.T,コーセル,2
6907.T,ジオマテック,4
6908.T,イリソ電子工業,1
6912.T,菊水ホールディングス,1
6914.T,オプテックスグループ,2
6915.T,千代田インテグレ,1
6918.T,アバールデータ,1
6919.T,ケル,1
6920.T,レーザーテック,2
6923.T,スタンレー電気,1
6925.T,ウシオ電機,1
6926.T,岡谷電機産業,1
6927.T,ヘリオス　テクノ　ホールディング,4
6928.T,エノモト,5
6929.T,日本セラミック,1
6930.T,日本アンテナ,1
6932.T,遠藤照明,1
6937.T,古河電池,4
6941.T,山一電機,1
6942.T,ソフィアホールディングス,1
6943.T,ＮＫＫスイッチズ,4
6946.T,日本アビオニクス,1
6947.T,図研,1
6951.T,日本電子,2
6952.T,カシオ計算機,1
6954.T,ファナック,4
6955.T,ＦＤＫ,6
6957.T,芝浦電子,1
6958.T,日本シイエムケイ,1
6960.T,フクダ電子,3
6961.T,エンプラス,2
6962.T,大真空,1
6963.T,ローム,1
6964.T,サンコー,4
6965.T,浜松ホトニクス,1
6966.T,三井ハイテック,6
6969.T,松尾電機,1
6971.T,京セラ,4
6973.T,協栄産業,1
6976.T,太陽誘電,1
6977.T,日本抵抗器製作所,5
6981.T,村田製作所,1
6982.T,リード,1
6986.T,双葉電子工業,3
6988.T,日東電工,1
6989.T,北陸電気工業,3
6993.T,大黒屋ホールディングス,1
6994.T,指月電機製作所,1
6995.T,東海理化電機製作所,1
6996.T,ニチコン,1
6997.T,日本ケミコン,1
6998.T,日本タングステン,2
6999.T,ＫＯＡ,1
7003.T,三井Ｅ＆Ｓ,1
7004.T,カナデビア,1
7011.T,三菱重工業,3
7012.T,川崎重工業,3
7013.T,ＩＨＩ,1
7014.T,名村造船所,1
7018.T,内海造船,3
7021.T,ニッチツ,1
7022.T,サノヤスホールディングス,2
7030.T,スプリックス,4
7031.T,インバウンドテック,4
7033.T,マネジメントソリューションズ,4
7034.T,プロレド・パートナーズ,1
7035.T,ａｎｄ　ｆａｃｔｏｒｙ,1
7036.T,イーエムネットジャパン,1
7037.T,テノ．ホールディングス,4
7038.T,フロンティア・マネジメント,4
7039.T,ブリッジインターナショナル,1
7040.T,サン・ライフホールディング,4
7041.T,ＣＲＧホールディングス,1
7042.T,アクセスグループ・ホールディングス,1
7043.T,アルー,6
7044.T,ピアラ,4
7046.T,ＴＤＳＥ,1
7047.T,ポート,2
7048.T,ベルトラ,5
7049.T,識学,4
7050.T,フロンティアインターナショナル,1
7057.T,エヌ・シー・エヌ,4
7058.T,共栄セキュリティーサービス,1
7059.T,コプロ・ホールディングス,1
7060.T,ギークス,1
7061.T,日本ホスピスホールディングス,4
7062.T,フレアス,2
7063.T,Ｂｉｒｄｍａｎ,5
7064.T,ハウテレビジョン,1
7065.T,ユーピーアール,1
7066.T,ピアズ,1
7067.T,ブランディングテクノロジー,2
7068.T,フィードフォースグループ,2
7069.T,サイバー・バズ,1
7071.T,アンビスホールディングス,1
7072.T,インティメート・マージャー,6
7073.T,ジェイック,1
7074.T,トゥエンティーフォーセブンホールディングス,4
7075.T,ＱＬＳホールディングス,2
7077.T,ＡＬｉＮＫインターネット,2
7078.T,ＩＮＣＬＵＳＩＶＥ,1
7079.T,ＷＤＢココ,4
7080.T,スポーツフィールド,3
7081.T,コーユーレンティア,5
7082.T,ジモティー,2
7083.T,ＡＨＣグループ,4
7084.T,Ｓｍｉｌｅ　Ｈｏｌｄｉｎｇｓ,1
7085.T,カーブスホールディングス,3
7087.T,ウイルテック,4
7088.T,フォーラムエンジニアリング,1
7089.T,フォースタートアップス,1
7090.T,リグア,1
7091.T,リビングプラットフォーム,6
7092.T,Ｆａｓｔ　Ｆｉｔｎｅｓｓ　Ｊａｐａｎ,3
7093.T,アディッシュ,3
7094.T,ＮｅｘＴｏｎｅ,4
7095.T,Ｍａｃｂｅｅ　Ｐｌａｎｅｔ,4
7096.T,ステムセル研究所,5
7097.T,さくらさくプラス,1
7102.T,日本車輌製造,1
7105.T,三菱ロジスネクスト,4
7110.T,クラシコム,2
7111.T,ＩＮＥＳＴ,1
7112.T,キューブ,1
7114.T,フーディソン,2
7115.T,アルファパーチェス,1
7116.T,ダイワ通信,6
7119.T,ハルメクホールディングス,1
7120.T,ＳＨＩＮＫＯ,1
7122.T,近畿車輛,1
7126.T,グローバルスタイル,4
7127.T,一家ホールディングス,1
7128.T,フルサト・マルカホールディングス,1
7129.T,ミアヘルサホールディングス,1
7130.T,ヤマエグループホールディングス,1
7131.T,のむら産業,4
7133.T,ＨＹＵＧＡ　ＰＲＩＭＡＲＹ　ＣＡＲＥ,4
7134.T,アップガレージグループ,4
7135.T,ジャパンクラフトホールディングス,1
7138.T,ＴＯＲＩＣＯ,1
7139.T,東京高圧山崎,1
7140.T,ペットゴー,1
7148.T,ＦＰＧ,1
7150.T,島根銀行,1
7157.T,ライフネット生命保険,3
7161.T,じもとホールディングス,1
7162.T,アストマックス,1
7163.T,住信ＳＢＩネット銀行,1
7164.T,全国保証,4
7167.T,めぶきフィナンシャルグループ,1
7170.T,中央インターナショナルグループ,1
7172.T,ジャパンインベストメントアドバイザー,1
7173.T,東京きらぼしフィナンシャルグループ,1
7175.T,今村証券,1
7176.T,シンプレクス・ファイナンシャル・ホールディングス,1
7177.T,ＧＭＯフィナンシャルホールディングス,1
7180.T,九州フィナンシャルグループ,1
7181.T,かんぽ生命保険,1
7182.T,ゆうちょ銀行,1
7183.T,あんしん保証,1
7184.T,富山第一銀行,1
7185.T,ヒロセ通商,3
7186.T,コンコルディア・フィナンシャルグループ,1
7187.T,ジェイリース,1
7189.T,西日本フィナンシャルホールディングス,1
7191.T,イントラスト,1
7192.T,日本モーゲージサービス,6
7196.T,Ｃａｓａ,2
7198.T,ＳＢＩアルヒ,1
7199.T,プレミアグループ,1
7201.T,日産自動車,4
7202.T,いすゞ自動車,1
7203.T,トヨタ自動車,5
7205.T,日野自動車,4
7208.T,カネミツ,1
7211.T,三菱自動車工業,4
7212.T,エフテック,1
7213.T,レシップホールディングス,5
7214.T,ＧＭＢ,1
7215.T,ファルテック,1
7217.T,テイン,2
7218.T,田中精密工業,4
7219.T,エッチ・ケー・エス,1
7220.T,武蔵精密工業,1
7222.T,日産車体,5
7224.T,新明和工業,1
7226.T,極東開発工業,3
7228.T,デイトナ,4
7229.T,ユタカ技研,1
7231.T,トピー工業,1
7235.T,東京ラヂエーター製造,1
7236.T,ティラド,4
7238.T,曙ブレーキ工業,2
7239.T,タチエス,1
7240.T,ＮＯＫ,1
7241.T,フタバ産業,1
7242.T,カヤバ,1
7244.T,市光工業,1
7245.T,大同メタル工業,1
7246.T,プレス工業,1
7247.T,ミクニ,4
7250.T,太平洋工業,1
7254.T,ユニバンス,1
7255.T,桜井製作所,1
7256.T,河西工業,1
7259.T,アイシン,1
7261.T,マツダ,4
7264.T,ムロコーポレーション,1
7265.T,エイケン工業,1
7266.T,今仙電機製作所,4
7267.T,本田技研工業,1
7269.T,スズキ,4
7270.T,ＳＵＢＡＲＵ,5
7271.T,安永,1
7272.T,ヤマハ発動機,3
7273.T,イクヨ,1
7276.T,小糸製作所,1
7277.T,ＴＢＫ,1
7278.T,エクセディ,1
7279.T,ハイレックスコーポレーション,1
7280.T,ミツバ,1
7282.T,豊田合成,1
7283.T,愛三工業,5
7284.T,盟和産業,1
7287.T,日本精機,1
7291.T,日本プラスト,5
7292.T,村上開明堂,1
7294.T,ヨロズ,1
7296.T,エフ・シー・シー,1
7297.T,カーメイト,3
7299.T,フジオーゼックス,1
7305.T,新家工業,1
7309.T,シマノ,2
7313.T,テイ・エス　テック,1
7314.T,小田原機器,1
7317.T,松屋アールアンドディ,1
7318.T,セレンディップ・ホールディングス,1
7320.T,Ｓｏｌｖｖｙ,1
7322.T,三十三フィナンシャルグループ,1
7325.T,アイリックコーポレーション,1
7326.T,ＳＢＩインシュアランスグループ,1
7327.T,第四北越フィナンシャルグループ,1
7337.T,ひろぎんホールディングス,1
7343.T,ブロードマインド,6
7345.T,アイ・パートナーズフィナンシャル,1
7347.T,マーキュリアホールディングス,1
7350.T,おきなわフィナンシャルグループ,1
7351.T,グッドパッチ,1
7352.T,ＴＷＯＳＴＯＮＥ＆Ｓｏｎｓ,4
7353.T,ＫＩＹＯラーニング,2
7354.T,ダイレクトマーケティングミックス,1
7356.T,Ｒｅｔｔｙ,1
7357.T,ジオコード,1
7358.T,ポピンズ,6
7359.T,東京通信グループ,1
7360.T,オンデック,1
7361.T,ヒューマンクリエイションホールディングス,4
7362.T,Ｔ．Ｓ．Ｉ,1
7363.T,ベビーカレンダー,5
7366.T,ＬＩＴＡＬＩＣＯ,4
7367.T,セルム,1
7368.T,表示灯,1
7369.T,メイホーホールディングス,2
7370.T,Ｅｎｊｉｎ,1
7371.T,Ｚｅｎｋｅｎ,1
7372.T,デコルテ・ホールディングス,1
7373.T,アイドマ・ホールディングス,1
7374.T,コンフィデンス・インターワークス,2
7375.T,リファインバースグループ,4
7376.T,ＢＣＣ,3
7377.T,ＤＮホールディングス,3
7378.T,アシロ,4
7379.T,サーキュレーション,1
7380.T,十六フィナンシャルグループ,1
7381.T,北國フィナンシャルホールディングス,1
7383.T,ネットプロテクションズホールディングス,1
7384.T,プロクレアホールディングス,6
7388.T,ＦＰパートナー,4
7389.T,あいちフィナンシャルグループ,1
7399.T,ナンシン,4
7408.T,ジャムコ,1
7409.T,ＡｅｒｏＥｄｇｅ,2
7412.T,アトム,1
7413.T,創健社,4
7414.T,小野建,4
7416.T,はるやまホールディングス,1
7417.T,南陽,1
7419.T,ノジマ,1
7420.T,佐鳥電機,1
7421.T,カッパ・クリエイト,1
7422.T,東邦レマック,1
7425.T,初穂商事,3
7426.T,山大,1
7427.T,エコートレーディング,3
7433.T,伯東,6
7434.T,オータケ,1
7435.T,ナ・デックス,1
7438.T,コンドーテック,1
7442.T,中山福,1
7443.T,横浜魚類,1
7444.T,ハリマ共和物産,6
7445.T,ライトオン,1
7446.T,東北化学薬品,1
7447.T,ナガイレーベン,1
7450.T,サンデー,1
7451.T,三菱食品,4
7453.T,良品計画,1
7455.T,パリミキホールディングス,1
7456.T,松田産業,1
7458.T,第一興商,3
7459.T,メディパルホールディングス,1
7460.T,ヤギ,1
7461.T,キムラ,1
7462.T,ＣＡＰＩＴＡ,1
7463.T,アドヴァングループ,6
7464.T,セフテック,1
7466.T,ＳＰＫ,1
7467.T,萩原電気ホールディングス,6
7472.T,鳥羽洋行,2
7475.T,アルビス,2
7476.T,アズワン,2
7477.T,ムラキ,6
7480.T,スズデン,4
7481.T,尾家産業,1
7482.T,シモジマ,1
7483.T,ドウシシャ,2
7486.T,サンリン,1
7487.T,小津産業,4
7490.T,日新商事,1
7494.T,コナカ,2
7500.T,西川計測,4
7501.T,ティムコ,1
7502.T,プラザホールディングス,1
7504.T,高速,1
7505.T,扶桑電通,1
7506.T,ハウス　オブ　ローゼ,4
7508.T,Ｇ‐７ホールディングス,4
7509.T,アイエーグループ,1
7510.T,たけびし,1
7512.T,イオン北海道,1
7513.T,コジマ,1
7514.T,ヒマラヤ,1
7515.T,マルヨシセンター,2
7516.T,コーナン商事,3
7520.T,エコス,2
7521.T,ムサシ,1
7522.T,ワタミ,4
7523.T,アールビバン,1
7524.T,マルシェ,1
7525.T,リックス,1
7527.T,システムソフト,1
7531.T,清和中央ホールディングス,1
7532.T,パン・パシフィック・インターナショナルホールディングス,1
7537.T,丸文,1
7538.T,大水,1
7539.T,アイナボホールディングス,1
7544.T,スリーエフ,1
7545.T,西松屋チェーン,1
7550.T,ゼンショーホールディングス,4
7551.T,ウェッズ,1
7552.T,ハピネット,3
7554.T,幸楽苑,4
7555.T,大田花き,1
7561.T,ハークスレイ,1
7562.T,安楽亭,1
7564.T,ワークマン,1
7565.T,萬世電機,1
7567.T,栄電子,1
7570.T,橋本総業ホールディングス,1
7571.T,ヤマノホールディングス,6
7575.T,日本ライフライン,4
7578.T,ニチリョク,5
7581.T,サイゼリヤ,3
7585.T,かんなん丸,4
7590.T,タカショー,1
7593.T,ＶＴホールディングス,4
7595.T,アルゴグラフィックス,1
7596.T,魚力,1
7599.T,ＩＤＯＭ,4
7600.T,日本エム・ディ・エム,4
7601.T,ポプラ,4
7602.T,レダックス,1
7603.T,マックハウス,1
7604.T,梅の花グループ,4
7605.T,フジ・コーポレーション,1
7606.T,ユナイテッドアローズ,1
7607.T,進和,1
7608.T,エスケイジャパン,1
7609.T,ダイトロン,1
7610.T,テイツー,3
7611.T,ハイデイ日高,1
7613.T,シークス,1
7614.T,オーエムツーネットワーク,1
7615.T,京都きもの友禅ホールディングス,4
7616.T,コロワイド,1
7619.T,田中商事,1
7621.T,うかい,1
7623.T,サンオータス,3
7624.T,ＮａＩＴＯ,2
7625.T,グローバルダイニング,4
7628.T,オーハシテクニカ,1
7630.T,壱番屋,1
7634.T,星医療酸器,1
7635.T,杉田エース,1
7636.T,ハンズマン,3
7637.T,白銅,1
7638.T,ＮＥＷ　ＡＲＴ　ＨＯＬＤＩＮＧＳ,4
7640.T,トップカルチャー,1
7643.T,ダイイチ,1
7646.T,ＰＬＡＮＴ,1
7649.T,スギホールディングス,1
7670.T,オーウエル,1
7673.T,ダイコー通産,3
7674.T,ＮＡＴＴＹ　ＳＷＡＮＫＹホールディングス,1
7677.T,ヤシマキザイ,1
7678.T,あさくま,2
7679.T,薬王堂ホールディングス,1
7681.T,レオクラン,4
7682.T,浜木綿,4
7683.T,ダブルエー,4
7685.T,ＢｕｙＳｅｌｌ　Ｔｅｃｈｎｏｌｏｇｉｅｓ,4
7686.T,カクヤスグループ,4
7687.T,ミクリード,4
7689.T,コパ・コーポレーション,1
7691.T,Ｃ　Ｃｈａｎｎｅｌ,4
7692.T,アースインフィニティ,4
7694.T,いつも,1
7695.T,交換できるくん,1
7698.T,アイスコ,4
7699.T,オムニ・プラス・システム・リミテッド　ＪＤＲ,3
7701.T,島津製作所,4
7702.T,ＪＭＳ,1
7707.T,プレシジョン・システム・サイエンス,4
7709.T,クボテック,4
7711.T,助川電気工業,1
7713.T,シグマ光機,4
7715.T,長野計器,1
7716.T,ナカニシ,1
7717.T,ブイ・テクノロジー,4
7718.T,スター精密,1
7719.T,東京衡機,4
7721.T,東京計器,2
7722.T,国際計測器,3
7723.T,愛知時計電機,1
7725.T,インターアクション,1
7726.T,黒田精工,1
7727.T,オーバル,3
7729.T,東京精密,1
7730.T,マニー,2
7731.T,ニコン,3
7732.T,トプコン,3
7733.T,オリンパス,4
7734.T,理研計器,1
7735.T,ＳＣＲＥＥＮホールディングス,1
7739.T,キヤノン電子,4
7740.T,タムロン,1
7741.T,ＨＯＹＡ,1
7743.T,シード,1
7744.T,ノーリツ鋼機,1
7745.T,Ａ＆Ｄホロンホールディングス,1
7746.T,岡本硝子,1
7747.T,朝日インテック,1
7749.T,メディキット,1
7751.T,キヤノン,4
7752.T,リコー,4
7760.T,ＩＭＶ,4
7762.T,シチズン時計,1
7769.T,リズム,4
7771.T,日本精密,5
7774.T,ジャパン・ティッシュエンジニアリング,1
7775.T,大研医器,4
7776.T,セルシード,4
7777.T,スリー・ディー・マトリックス,1
7779.T,ＣＹＢＥＲＤＹＮＥ,1
7780.T,メニコン,1
7781.T,平山ホールディングス,1
7782.T,シンシア,1
7791.T,ドリームベッド,1
7792.T,コラントッテ,1
7793.T,イメージ・マジック,1
7794.T,イーディーピー,4
7795.T,ＫＹＯＲＩＴＳＵ,1
7800.T,アミファ,1
7803.T,ブシロード,4
7804.T,ビーアンドピー,2
7805.T,プリントネット,1
7806.T,ＭＴＧ,1
7807.T,幸和製作所,4
7808.T,シー・エス・ランバー,1
7809.T,壽屋,1
7810.T,クロスフォー,4
7811.T,中本パックス,1
7812.T,クレステック,5
7813.T,プラッツ,4
7814.T,日本創発グループ,1
7815.T,東京ボード工業,1
7817.T,パラマウントベッドホールディングス,2
7818.T,トランザクション,1
7819.T,粧美堂,2
7820.T,ニホンフラッシュ,4
7821.T,前田工繊,4
7822.T,永大産業,1
7823.T,アートネイチャー,1
7826.T,フルヤ金属,5
7827.T,オービス,1
7831.T,ウイルコホールディングス,2
7832.T,バンダイナムコホールディングス,4
7833.T,アイフィスジャパン,1
7836.T,アビックス,4
7837.T,アールシーコア,1
7839.T,ＳＨＯＥＩ,1
7840.T,フランスベッドホールディングス,4
7841.T,遠藤製作所,6
7844.T,マーベラス,1
7846.T,パイロットコーポレーション,1
7847.T,グラファイトデザイン,4
7849.T,スターツ出版,1
7850.T,総合商研,1
7851.T,カワセコンピュータサプライ,4
7856.T,萩原工業,1
7857.T,セキ,2
7859.T,アルメディオ,4
7860.T,エイベックス,4
7863.T,平賀,1
7864.T,フジシールインターナショナル,1
7865.T,ピープル,1
7867.T,タカラトミー,2
7868.T,広済堂ホールディングス,3
7871.T,フクビ化学工業,1
7872.T,エステールホールディングス,6
7874.T,レック,4
7875.T,竹田ｉＰホールディングス,1
7877.T,永大化工,1
7878.T,光・彩,1
7879.T,ノダ,1
7883.T,サンメッセ,4
7885.T,タカノ,1
7886.T,ヤマト　モビリティ　＆　Ｍｆｇ．,1
7887.T,南海プライウッド,1
7888.T,三光合成,1
7893.T,プロネクサス,1
7896.T,セブン工業,2
7897.T,ホクシン,4
7898.T,ウッドワン,6
7901.T,マツモト,1
7902.T,ソノコム,1
7906.T,ヨネックス,1
7908.T,きもと,6
7911.T,ＴＯＰＰＡＮホールディングス,1
7912.T,大日本印刷,1
7914.T,共同印刷,1
7915.T,ＮＩＳＳＨＡ,1
7916.T,光村印刷,1
7917.T,ＺＡＣＲＯＳ,1
7918.T,ヴィア・ホールディングス,1
7919.T,野崎印刷紙業,4
7921.T,ＴＡＫＡＲＡ　＆　ＣＯＭＰＡＮＹ,1
7922.T,三光産業,1
7923.T,トーイン,4
7925.T,前澤化成工業,4
7927.T,ムトー精工,1
7928.T,旭化学工業,1
7931.T,未来工業,5
7932.T,ニッピ,1
7936.T,アシックス,1
7937.T,ツツミ,1
7938.T,リーガルコーポレーション,4
7939.T,研創,1
7940.T,ウェーブロックホールディングス,1
7942.T,ＪＳＰ,2
7943.T,ニチハ,1
7944.T,ローランド,4
7946.T,光陽社,4
7947.T,エフピコ,4
7949.T,小松ウオール工業,1
7951.T,ヤマハ,1
7952.T,河合楽器製作所,4
7953.T,菊水化学工業,1
7955.T,クリナップ,1
7956.T,ピジョン,4
7957.T,フジコピアン,1
7958.T,天馬,6
7962.T,キングジム,4
7963.T,興研,1
7965.T,象印マホービン,1
7966.T,リンテック,1
7970.T,信越ポリマー,1
7971.T,東リ,2
7972.T,イトーキ,1
7974.T,任天堂,1
7975.T,リヒトラブ,3
7976.T,三菱鉛筆,4
7979.T,松風,4
7980.T,重松製作所,2
7981.T,タカラスタンダード,1
7983.T,ミロク,2
7984.T,コクヨ,1
7985.T,ネポン,4
7986.T,日本アイ・エス・ケイ,1
7987.T,ナカバヤシ,3
7988.T,ニフコ,1
7989.T,立川ブラインド工業,1
7990.T,グローブライド,1
7991.T,マミヤ・オーピー,1
7992.T,セーラー万年筆,5
7994.T,オカムラ,1
7995.T,バルカー,1
7997.T,くろがね工作所,1
7999.T,ＭＵＴＯＨホールディングス,1
8001.T,伊藤忠商事,1
8002.T,丸紅,1
8005.T,スクロール,1
8006.T,ユアサ・フナショク,1
8007.T,高島,1
8008.T,ヨンドシーホールディングス,4
8011.T,三陽商会,4
8012.T,長瀬産業,1
8013.T,ナイガイ,2
8014.T,蝶理,2
8015.T,豊田通商,1
8016.T,オンワードホールディングス,1
8018.T,三共生興,4
8020.T,兼松,1
8022.T,美津濃,5
8023.T,ＤＡＩＫＯ　ＸＴＥＣＨ,1
8025.T,ツカモトコーポレーション,1
8029.T,ルックホールディングス,3
8030.T,中央魚類,1
8031.T,三井物産,1
8032.T,日本紙パルプ商事,1
8035.T,東京エレクトロン,1
8037.T,カメイ,1
8039.T,築地魚市場,4
8040.T,東京ソワール,4
8041.T,ＯＵＧホールディングス,1
8043.T,スターゼン,6
8045.T,横浜丸魚,1
8046.T,丸藤シートパイル,1
8050.T,セイコーグループ,1
8051.T,山善,4
8052.T,椿本興業,1
8053.T,住友商事,1
8056.T,ＢＩＰＲＯＧＹ,2
8057.T,内田洋行,1
8058.T,三菱商事,4
8059.T,第一実業,1
8060.T,キヤノンマーケティングジャパン,4
8061.T,西華産業,1
8065.T,佐藤商事,1
8066.T,三谷商事,1
8070.T,東京産業,2
8074.T,ユアサ商事,1
8075.T,神鋼商事,1
8076.T,カノークス,1
8077.T,トルク,1
8078.T,阪和興業,1
8079.T,正栄食品工業,1
8081.T,カナデン,1
8084.T,ＲＹＯＤＥＮ,1
8085.T,ナラサキ産業,2
8086.T,ニプロ,1
8088.T,岩谷産業,1
8089.T,ナイス,1
8091.T,ニチモウ,1
8093.T,極東貿易,2
8095.T,アステナホールディングス,1
8097.T,三愛オブリ,1
8098.T,稲畑産業,1
8101.T,ＧＳＩクレオス,2
8103.T,明和産業,2
8104.T,クワザワホールディングス,1
8105.T,堀田丸正,1
8107.T,キムラタン,1
8111.T,ゴールドウイン,4
8113.T,ユニ・チャーム,4
8115.T,ムーンバット,1
8117.T,中央自動車工業,1
8118.T,キング,1
8119.T,三栄コーポレーション,1
8123.T,川辺,4
8125.T,ワキタ,6
8127.T,ヤマトインターナショナル,1
8129.T,東邦ホールディングス,1
8130.T,サンゲツ,2
8131.T,ミツウロコグループホールディングス,1
8132.T,シナネンホールディングス,1
8133.T,伊藤忠エネクス,1
8135.T,ゼット,1
8136.T,サンリオ,4
8137.T,サンワテクノス,1
8138.T,三京化成,1
8139.T,ナガホリ,1
8141.T,新光商事,1
8142.T,トーホー,6
8143.T,ラピーヌ,4
8144.T,デンキョーグループホールディングス,1
8147.T,トミタ,4
8150.T,三信電気,1
8151.T,東陽テクニカ,1
8152.T,ソマール,4
8153.T,モスフードサービス,1
8154.T,加賀電子,1
8157.T,都築電気,1
8158.T,ソーダニッカ,1
8159.T,立花エレテック,1
8160.T,木曽路,1
8163.T,ＳＲＳホールディングス,1
8165.T,千趣会,4
8166.T,タカキュー,4
8167.T,リテールパートナーズ,1
8173.T,上新電機,1
8174.T,日本瓦斯,1
8179.T,ロイヤルホールディングス,1
8181.T,東天紅,1
8185.T,チヨダ,4
8194.T,ライフコーポレーション,1
8198.T,マックスバリュ東海,4
8200.T,リンガーハット,5
8202.T,ラオックスホールディングス,4
8203.T,ＭｒＭａｘＨＤ,1
8207.T,テンアライド,1
8208.T,エンチョー,1
8209.T,フレンドリー,1
8214.T,ＡＯＫＩホールディングス,1
8217.T,オークワ,3
8218.T,コメリ,1
8219.T,青山商事,1
8225.T,タカチホ,4
8226.T,理経,4
8227.T,しまむら,1
8230.T,はせがわ,6
8233.T,高島屋,6
8237.T,松屋,1
8242.T,エイチ・ツー・オー　リテイリング,5
8244.T,近鉄百貨店,6
8247.T,大和,6
8252.T,丸井グループ,3
8253.T,クレディセゾン,3
8254.T,さいか屋,1
8255.T,アクシアル　リテイリング,1
8260.T,井筒屋,2
8267.T,イオン,1
8273.T,イズミ,4
8275.T,フォーバル,1
8276.T,平和堂,1
8278.T,フジ,5
8279.T,ヤオコー,1
8281.T,ゼビオホールディングス,4
8282.T,ケーズホールディングス,1
8283.T,ＰＡＬＴＡＣ,1
8285.T,三谷産業,1
8289.T,Ｏｌｙｍｐｉｃグループ,3
8291.T,日産東京販売ホールディングス,1
8301.T,日本銀行　出資証券,4
8304.T,あおぞら銀行,1
8306.T,三菱ＵＦＪフィナンシャル・グループ,2
8308.T,りそなホールディングス,2
8309.T,三井住友トラストグループ,1
8316.T,三井住友フィナンシャルグループ,2
8331.T,千葉銀行,1
8334.T,群馬銀行,1
8336.T,武蔵野銀行,1
8337.T,千葉興業銀行,1
8338.T,筑波銀行,1
8341.T,七十七銀行,1
8343.T,秋田銀行,1
8344.T,山形銀行,1
8345.T,岩手銀行,1
8346.T,東邦銀行,1
8349.T,東北銀行,1
8354.T,ふくおかフィナンシャルグループ,1
8358.T,スルガ銀行,1
8359.T,八十二銀行,1
8360.T,山梨中央銀行,1
8361.T,大垣共立銀行,1
8362.T,福井銀行,1
8364.T,清水銀行,1
8365.T,富山銀行,1
8366.T,滋賀銀行,1
8367.T,南都銀行,1
8368.T,百五銀行,1
8370.T,紀陽銀行,1
8377.T,ほくほくフィナンシャルグループ,1
8381.T,山陰合同銀行,1
8383.T,鳥取銀行,1
8386.T,百十四銀行,1
8387.T,四国銀行,1
8388.T,阿波銀行,1
8392.T,大分銀行,1
8393.T,宮崎銀行,1
8395.T,佐賀銀行,1
8399.T,琉球銀行,1
8410.T,セブン銀行,1
8411.T,みずほフィナンシャルグループ,1
8416.T,高知銀行,1
8418.T,山口フィナンシャルグループ,1
8421.T,信金中央金庫　優先出資証券,4
8424.T,芙蓉総合リース,1
8425.T,みずほリース,1
8439.T,東京センチュリー,1
8473.T,ＳＢＩホールディングス,1
8508.T,Ｊトラスト,1
8511.T,日本証券金融,1
8515.T,アイフル,1
8518.T,日本アジア投資,4
8522.T,名古屋銀行,1
8524.T,北洋銀行,1
8537.T,大光銀行,1
8541.T,愛媛銀行,1
8542.T,トマト銀行,1
8544.T,京葉銀行,1
8550.T,栃木銀行,1
8551.T,北日本銀行,1
8558.T,東和銀行,1
8562.T,福島銀行,1
8563.T,大東銀行,1
8566.T,リコーリース,1
8570.T,イオンフィナンシャルサービス,3
8572.T,アコム,1
8584.T,ジャックス,1
8585.T,オリエントコーポレーション,1
8591.T,オリックス,1
8593.T,三菱ＨＣキャピタル,1
8595.T,ジャフコ　グループ,1
8596.T,九州リースサービス,1
8600.T,トモニホールディングス,1
8601.T,大和証券グループ本社,1
8604.T,野村ホールディングス,1
8609.T,岡三証券グループ,1
8613.T,丸三証券,1
8614.T,東洋証券,2
8616.T,東海東京フィナンシャル・ホールディングス,1
8617.T,光世証券,1
8622.T,水戸証券,3
8624.T,いちよし証券,4
8628.T,松井証券,1
8630.T,ＳＯＭＰＯホールディングス,5
8697.T,日本取引所グループ,4
8698.T,マネックスグループ,1
8699.T,ＨＳホールディングス,1
8700.T,丸八証券,1
8704.T,トレイダーズホールディングス,1
8705.T,日産証券グループ,6
8706.T,極東証券,3
8707.T,岩井コスモホールディングス,1
8708.T,アイザワ証券グループ,1
8713.T,フィデアホールディングス,1
8714.T,池田泉州ホールディングス,1
8715.T,アニコム　ホールディングス,1
8725.T,ＭＳ＆ＡＤインシュアランスグループホールディングス,4
8737.T,あかつき本社,1
8739.T,スパークス・グループ,4
8742.T,小林洋行,1
8746.T,ＵＮＢＡＮＫＥＤ,1
8747.T,豊トラスティ証券,1
8750.T,第一生命ホールディングス,1
8766.T,東京海上ホールディングス,4
8769.T,アドバンテッジリスクマネジメント,4
8771.T,イー・ギャランティ,4
8772.T,アサックス,1
8783.T,ＧＦＡ,4
8789.T,フィンテック　グローバル,1
8793.T,ＮＥＣキャピタルソリューション,1
8795.T,Ｔ＆Ｄホールディングス,1
8798.T,アドバンスクリエイト,4
8801.T,三井不動産,4
8802.T,三菱地所,2
8803.T,平和不動産,4
8804.T,東京建物,4
8818.T,京阪神ビルディング,6
8830.T,住友不動産,4
8835.T,太平洋興発,1
8836.T,ＲＩＳＥ,1
8841.T,テーオーシー,1
8844.T,コスモスイニシア,2
8848.T,レオパレス２１,1
8850.T,スターツコーポレーション,1
8860.T,フジ住宅,2
8864.T,空港施設,1
8869.T,明和地所,4
8871.T,ゴールドクレスト,5
8876.T,リログループ,1
8877.T,エスリード,1
8881.T,日神グループホールディングス,1
8887.T,シーラホールディングス,1
8891.T,ＡＭＧホールディングス,1
8892.T,日本エスコン,1
8894.T,ＲＥＶＯＬＵＴＩＯＮ,1
8897.T,ＭＩＲＡＲＴＨホールディングス,4
8898.T,センチュリー２１・ジャパン,3
8904.T,ＡＶＡＮＴＩＡ,1
8908.T,毎日コムネット,1
8912.T,エリアクエスト,4
8914.T,エリアリンク,1
8917.T,ファースト住建,1
8918.T,ランド,1
8919.T,カチタス,1
8920.T,東祥,1
8923.T,トーセイ,1
8927.T,明豊エンタープライズ,2
8928.T,穴吹興産,4
8929.T,青山財産ネットワークス,4
8931.T,和田興産,1
8934.T,サンフロンティア不動産,3
8935.T,ＦＪネクストホールディングス,6
8938.T,グローム・ホールディングス,4
8940.T,インテリックス,4
8944.T,ランドビジネス,1
8945.T,サンネクスタグループ,4
8946.T,ＡＳＩＡＮ　ＳＴＡＲ,1
8951.T,日本ビルファンド投資法人,1
8952.T,ジャパンリアルエステイト投資法人,1
8953.T,日本都市ファンド投資法人,1
8954.T,オリックス不動産投資法人,1
8955.T,日本プライムリアルティ投資法人,1
8956.T,ＮＴＴ都市開発リート投資法人,6
8957.T,東急リアル・エステート投資法人,1
8958.T,グローバル・ワン不動産投資法人,1
8960.T,ユナイテッド・アーバン投資法人,1
8961.T,森トラストリート投資法人,1
8963.T,インヴィンシブル投資法人,1
8964.T,フロンティア不動産投資法人,1
8966.T,平和不動産リート投資法人,1
8967.T,日本ロジスティクスファンド投資法人,1
8968.T,福岡リート投資法人,1
8972.T,ＫＤＸ不動産投資法人,1
8975.T,いちごオフィスリート投資法人,1
8976.T,大和証券オフィス投資法人,1
8977.T,阪急阪神リート投資法人,1
8979.T,スターツプロシード投資法人,1
8984.T,大和ハウスリート投資法人,2
8985.T,ジャパン・ホテル・リート投資法人,1
8986.T,大和証券リビング投資法人,1
8987.T,ジャパンエクセレント投資法人,1
8995.T,誠建設工業,1
8996.T,ハウスフリーダム,1
8999.T,グランディハウス,1
9001.T,東武鉄道,5
9003.T,相鉄ホールディングス,1
9005.T,東急,4
9006.T,京浜急行電鉄,1
9007.T,小田急電鉄,3
9008.T,京王電鉄,4
9009.T,京成電鉄,4
9010.T,富士急行,4
9012.T,秩父鉄道,4
9017.T,新潟交通,1
9020.T,東日本旅客鉄道,1
9021.T,西日本旅客鉄道,2
9022.T,東海旅客鉄道,1
9023.T,東京地下鉄,4
9024.T,西武ホールディングス,3
9025.T,鴻池運輸,1
9028.T,ゼロ,6
9029.T,ヒガシホールディングス,1
9031.T,西日本鉄道,4
9033.T,広島電鉄,1
9034.T,南総通運,1
9036.T,東部ネットワーク,1
9037.T,ハマキョウレックス,1
9039.T,サカイ引越センター,1
9041.T,近鉄グループホールディングス,6
9042.T,阪急阪神ホールディングス,4
9044.T,南海電気鉄道,1
9045.T,京阪ホールディングス,4
9046.T,神戸電鉄,2
9048.T,名古屋鉄道,1
9049.T,京福電気鉄道,4
9051.T,センコン物流,1
9052.T,山陽電気鉄道,4
9057.T,遠州トラック,1
9059.T,カンダホールディングス,1
9060.T,日本ロジテム,1
9063.T,岡山県貨物運送,1
9064.T,ヤマトホールディングス,4
9065.T,山九,1
9066.T,日新,4
9067.T,丸運,1
9068.T,丸全昭和運輸,1
9069.T,センコーグループホールディングス,1
9072.T,ニッコンホールディングス,1
9073.T,京極運輸商事,1
9074.T,日本石油輸送,1
9075.T,福山通運,1
9076.T,セイノーホールディングス,1
9081.T,神奈川中央交通,4
9082.T,大和自動車交通,1
9083.T,神姫バス,1
9087.T,タカセ,6
9090.T,ＡＺ－ＣＯＭ丸和ホールディングス,1
9101.T,日本郵船,1
9104.T,商船三井,4
9107.T,川崎汽船,5
9110.T,ＮＳユナイテッド海運,2
9115.T,明海グループ,3
9119.T,飯野海運,1
9127.T,玉井商船,1
9130.T,共栄タンカー,3
9142.T,九州旅客鉄道,4
9143.T,ＳＧホールディングス,1
9145.T,ビーイングホールディングス,1
9147.T,ＮＩＰＰＯＮ　ＥＸＰＲＥＳＳホールディングス,1
9158.T,シーユーシー,1
9159.T,Ｗ　ＴＯＫＹＯ,2
9160.T,ノバレーゼ,3
9162.T,ブリーチ,4
9163.T,ナレルグループ,4
9164.T,トライト,1
9165.T,クオルテック,1
9166.T,ＧＥＮＤＡ,6
9168.T,ライズ・コンサルティング・グループ,1
9171.T,栗林商船,1
9173.T,東海汽船,4
9193.T,東京汽船,5
9201.T,日本航空,1
9202.T,ＡＮＡホールディングス,1
9204.T,スカイマーク,4
9206.T,スターフライヤー,5
9211.T,エフ・コード,1
9212.T,Ｇｒｅｅｎ　Ｅａｒｔｈ　Ｉｎｓｔｉｔｕｔｅ,4
9213.T,セイファート,1
9214.T,Ｒｅｃｏｖｅｒｙ　Ｉｎｔｅｒｎａｔｉｏｎａｌ,4
9215.T,ＣａＳｙ,1
9216.T,ビーウィズ,4
9218.T,メンタルヘルステクノロジーズ,4
9219.T,ギックス,1
9220.T,エフビー介護サービス,1
9221.T,フルハシＥＰＯ,1
9222.T,ｍａｎａｂｙ,4
9223.T,ＡＳＮＯＶＡ,2
9225.T,ブリッジコンサルティンググループ,1
9227.T,マイクロ波化学,3
9229.T,サンウェルズ,1
9233.T,アジア航測,1
9235.T,売れるネット広告社グループ,2
9236.T,ジャパンＭ＆Ａソリューション,4
9237.T,笑美面,1
9238.T,バリュークリエーション,1
9240.T,デリバリーコンサルティング,1
9241.T,フューチャーリンクネットワーク,1
9242.T,メディア総研,4
9244.T,デジタリフト,1
9245.T,リベロ,6
9246.T,プロジェクトホールディングス,4
9247.T,ＴＲＥホールディングス,4
9248.T,人・夢・技術グループ,6
9249.T,日本エコシステム,4
9250.T,ＧＲＣＳ,3
9251.T,ＡＢ＆Ｃｏｍｐａｎｙ,1
9252.T,ラストワンマイル,3
9253.T,スローガン,1
9254.T,ラバブルマーケティンググループ,6
9256.T,サクシード,4
9257.T,ＹＣＰホールディングス（グローバル）リミテッド　ＪＤＲ,4
9258.T,ＣＳ－Ｃ,1
9259.T,タカヨシホールディングス,2
9262.T,シルバーライフ,6
9264.T,ポエック,1
9265.T,ヤマシタヘルスケアホールディングス,1
9267.T,Ｇｅｎｋｙ　ＤｒｕｇＳｔｏｒｅｓ,1
9268.T,オプティマスグループ,1
9270.T,バリュエンスホールディングス,4
9271.T,和心,4
9272.T,ブティックス,1
9273.T,コーア商事ホールディングス,1
9274.T,ＫＰＰグループホールディングス,1
9275.T,ナルミヤ・インターナショナル,1
9278.T,ブックオフグループホールディングス,2
9279.T,ギフトホールディングス,4
9282.T,いちごグリーンインフラ投資法人,4
9284.T,カナディアン・ソーラー・インフラ投資法人,1
9285.T,東京インフラ・エネルギー投資法人,2
9286.T,エネクス・インフラ投資法人,1
9287.T,ジャパン・インフラファンド投資法人,3
9301.T,三菱倉庫,1
9302.T,三井倉庫ホールディングス,3
9303.T,住友倉庫,1
9304.T,澁澤倉庫,1
9305.T,ヤマタネ,6
9306.T,東陽倉庫,1
9307.T,杉村倉庫,6
9308.T,乾汽船,1
9310.T,日本トランスシティ,1
9311.T,アサガミ,1
9312.T,ケイヒン,1
9313.T,丸八倉庫,6
9319.T,中央倉庫,5
9322.T,川西倉庫,1
9324.T,安田倉庫,4
9325.T,ファイズホールディングス,2
9326.T,関通,1
9327.T,イー・ロジット,1
9330.T,揚羽,5
9331.T,キャスター,4
9332.T,ＮＩＳＳＯホールディングス,1
9336.T,大栄環境,4
9337.T,トリドリ,1
9338.T,ＩＮＦＯＲＩＣＨ,4
9339.T,コーチ・エィ,1
9340.T,アソインターナショナル,2
9341.T,ＧＥＮＯＶＡ,4
9342.T,スマサポ,1
9343.T,アイビス,1
9344.T,アクシスコンサルティング,1
9345.T,ビズメイツ,1
9346.T,ココルポート,1
9347.T,日本管財ホールディングス,1
9348.T,ｉｓｐａｃｅ,4
9351.T,東洋埠頭,1
9353.T,櫻島埠頭,4
9355.T,リンコーコーポレーション,1
9360.T,鈴与シンワート,1
9361.T,伏木海陸運送,1
9362.T,兵機海運,1
9363.T,大運,1
9364.T,上組,1
9365.T,トレーディア,3
9366.T,サンリツ,1
9367.T,大東港運,1
9368.T,キムラユニティー,1
9369.T,キユーソー流通システム,1
9376.T,ユーラシア旅行社,1
9377.T,エージーピー,4
9380.T,東海運,1
9381.T,エーアイテイー,1
9385.T,ショーエイコーポレーション,1
9386.T,日本コンセプト,1
9399.T,ビート・ホールディングス・リミテッド,1
9401.T,ＴＢＳホールディングス,1
9404.T,日本テレビホールディングス,4
9405.T,朝日放送グループホールディングス,1
9408.T,ＢＳＮメディアホールディングス,1
9409.T,テレビ朝日ホールディングス,1
9412.T,スカパーＪＳＡＴホールディングス,1
9413.T,テレビ東京ホールディングス,6
9414.T,日本ＢＳ放送,3
9416.T,ビジョン,4
9417.T,スマートバリュー,4
9418.T,Ｕ－ＮＥＸＴ　ＨＯＬＤＩＮＧＳ,4
9419.T,ワイヤレスゲート,4
9421.T,エヌジェイホールディングス,4
9423.T,フォーバル・リアルストレート,1
9424.T,日本通信,4
9425.T,ＲｅＹｕｕ　Ｊａｐａｎ,1
9428.T,クロップス,1
9432.T,日本電信電話,4
9433.T,ＫＤＤＩ,4
9434.T,ソフトバンク,4
94345.T,ソフトバンク第１回社債型種類株式,4
94346.T,ソフトバンク第２回社債型種類株式,5
9435.T,光通信,1
9436.T,沖縄セルラー電話,1
9438.T,エムティーアイ,1
9439.T,エム・エイチ・グループ,4
9441.T,ベルパーク,1
9444.T,トーシンホールディングス,3
9445.T,フォーバルテレコム,1
9446.T,サカイホールディングス,1
9449.T,ＧＭＯインターネットグループ,1
9450.T,ファイバーゲート,4
9466.T,アイドママーケティングコミュニケーション,2
9467.T,アルファポリス,4
9468.T,ＫＡＤＯＫＡＷＡ,4
9470.T,学研ホールディングス,6
9474.T,ゼンリン,4
9475.T,昭文社ホールディングス,1
9476.T,中央経済社ホールディングス,1
9478.T,ＳＥホールディングス・アンド・インキュベーションズ,1
9479.T,インプレスホールディングス,1
9501.T,東京電力ホールディングス,1
9502.T,中部電力,1
9503.T,関西電力,1
9504.T,中国電力,1
9505.T,北陸電力,1
9506.T,東北電力,1
9507.T,四国電力,1
9508.T,九州電力,1
9509.T,北海道電力,1
9511.T,沖縄電力,1
9513.T,電源開発,1
9514.T,エフオン,1
9517.T,イーレックス,4
9519.T,レノバ,1
9531.T,東京瓦斯,1
9532.T,大阪瓦斯,1
9533.T,東邦瓦斯,1
9534.T,北海道瓦斯,1
9535.T,広島ガス,2
9536.T,西部ガスホールディングス,1
9537.T,北陸瓦斯,6
9539.T,京葉瓦斯,4
9543.T,静岡ガス,1
9551.T,メタウォーター,1
9552.T,Ｍ＆Ａ総研ホールディングス,6
9553.T,マイクロアド,1
9554.T,ＡＶｉＣ,2
9556.T,ＩＮＴＬＯＯＰ,1
9557.T,エアークローゼット,2
9558.T,ジャパニアス,3
9560.T,プログリット,4
9561.T,グラッドキューブ,4
9562.T,ビジネスコーチ,3
9563.T,Ａｔｌａｓ　Ｔｅｃｈｎｏｌｏｇｉｅｓ,1
9564.T,ＦＣＥ,1
9565.T,ＧＬＯＥ,4
9600.T,アイネット,1
9601.T,松竹,4
9602.T,東宝,1
9603.T,エイチ・アイ・エス,4
9605.T,東映,1
9610.T,ウィルソン・ラーニング　ワールドワイド,5
9612.T,ラックランド,4
9613.T,ＮＴＴデータグループ,4
9616.T,共立メンテナンス,1
9619.T,イチネンホールディングス,1
9621.T,建設技術研究所,1
9622.T,スペース,1
9625.T,セレスポ,1
9627.T,アインホールディングス,1
9628.T,燦ホールディングス,1
9629.T,ピー・シー・エー,1
9632.T,スバル興業,6
9633.T,東京テアトル,1
9635.T,武蔵野興業,6
9636.T,きんえい,4
9639.T,三協フロンテア,1
9640.T,セゾンテクノロジー,1
9644.T,タナベコンサルティンググループ,1
9647.T,協和コンサルタンツ,2
9651.T,日本プロセス,6
9656.T,グリーンランドリゾート,4
9658.T,ビジネスブレイン太田昭和,5
9661.T,歌舞伎座,1
9663.T,ナガワ,5
9672.T,東京都競馬,1
9678.T,カナモト,1
9679.T,ホウライ,1
9682.T,ＤＴＳ,3
9684.T,スクウェア・エニックス・ホールディングス,1
9685.T,ＫＹＣＯＭホールディングス,4
9686.T,東洋テック,1
9687.T,ＫＳＫ,1
9691.T,両毛システムズ,1
9692.T,シーイーシー,5
9696.T,ウィザス,1
9697.T,カプコン,3
9698.T,クレオ,1
9699.T,ニシオホールディングス,1
9701.T,東京會舘,6
9702.T,アイ・エス・ビー,1
9704.T,アゴーラ　ホスピタリティー　グループ,6
9706.T,日本空港ビルデング,1
9708.T,帝国ホテル,3
9709.T,ＮＣＳ＆Ａ,4
9713.T,ロイヤルホテル,4
9715.T,トランス・コスモス,1
9716.T,乃村工藝社,3
9719.T,ＳＣＳＫ,6
9720.T,ホテル、ニューグランド,2
9722.T,藤田観光,1
9723.T,京都ホテル,4
9726.T,ＫＮＴ－ＣＴホールディングス,6
9729.T,トーカイ,4
9731.T,白洋舎,1
9733.T,ナガセ,1
9735.T,セコム,5
9739.T,ＮＳＷ,4
9740.T,セントラル警備保障,4
9742.T,アイネス,1
9743.T,丹青社,1
9744.T,メイテックグループホールディングス,5
9746.T,ＴＫＣ,1
9753.T,アイエックス・ナレッジ,1
9755.T,応用地質,1
9757.T,船井総研ホールディングス,4
9759.T,ＮＳＤ,1
9760.T,進学会ホールディングス,4
9761.T,東海リース,1
9763.T,丸紅建材リース,5
9765.T,オオバ,4
9766.T,コナミグループ,3
9767.T,日建工学,5
9768.T,いであ,1
9769.T,学究社,1
9776.T,札幌臨床検査センター,1
9778.T,昴,6
9780.T,ハリマビステム,1
9782.T,ディーエムエス,1
9787.T,イオンディライト,1
9788.T,ナック,4
9790.T,福井コンピュータホールディングス,6
9791.T,ビケンテクノ,4
9793.T,ダイセキ,4
9795.T,ステップ,1
9799.T,旭情報サービス,4
9812.T,テーオーホールディングス,4
9816.T,ストライダーズ,4
9818.T,大丸エナウィン,1
9820.T,エムティジェネックス,2
9823.T,マミーマート,1
9824.T,泉州電業,4
9827.T,リリカラ,1
9828.T,Ｇｅｎｋｉ　Ｇｌｏｂａｌ　Ｄｉｎｉｎｇ　Ｃｏｎｃｅｐｔｓ,4
9830.T,トラスコ中山,1
9831.T,ヤマダホールディングス,1
9832.T,オートバックスセブン,6
9835.T,ジュンテンドー,4
9837.T,モリト,1
9842.T,アークランズ,3
9843.T,ニトリホールディングス,4
9845.T,パーカーコーポレーション,1
9846.T,天満屋ストア,1
9849.T,共同紙販ホールディングス,6
9850.T,グルメ杵屋,4
9853.T,銀座ルノアール,6
9854.T,愛眼,1
9856.T,ケーユーホールディングス,1
9857.T,英和,2
9861.T,吉野家ホールディングス,1
9867.T,ソレキア,1
9869.T,加藤産業,1
9872.T,北恵,1
9876.T,コックス,2
9878.T,セキド,1
9880.T,イノテック,1
9882.T,イエローハット,1
9885.T,シャルレ,4
9887.T,松屋フーズホールディングス,1
9888.T,ＵＥＸ,1
9889.T,ＪＢＣＣホールディングス,4
9890.T,マキヤ,1
9895.T,コンセック,1
9896.T,ＪＫホールディングス,2
9900.T,サガミホールディングス,4
9902.T,日伝,1
9903.T,カンセキ,1
9904.T,ベリテ,1
9906.T,藤井産業,2
9908.T,日本電計,3
9913.T,日邦産業,1
9914.T,植松商会,1
9927.T,ワットマン,1
9928.T,ミロク情報サービス,1
9929.T,平和紙業,1
9930.T,北沢産業,6
9932.T,杉本商事,1
9934.T,因幡電機産業,1
9936.T,王将フードサービス,2
9941.T,太洋物産,1
9946.T,ミニストップ,1
9948.T,アークス,1
9950.T,ハチバン,1
9955.T,ヨンキュウ,1
9956.T,バローホールディングス,1
9959.T,アシードホールディングス,6
9960.T,東テク,4
9962.T,ミスミグループ本社,1
9969.T,ショクブン,1
9972.T,アルテック,3
9973.T,ＫＯＺＯホールディングス,1
9974.T,ベルク,4
9976.T,セキチュー,1
9978.T,文教堂グループホールディングス,2
9979.T,大庄,1
9980.T,ＭＲＫホールディングス,1
9982.T,タキヒヨー,1
9983.T,ファーストリテイリング,4
9984.T,ソフトバンクグループ,1
9986.T,蔵王産業,4
9987.T,スズケン,1
9989.T,サンドラッグ,1
9990.T,サックスバー　ホールディングス,4
9991.T,ジェコス,1
9993.T,ヤマザワ,2
9994.T,やまや,4
9996.T,サトー商会,1
9997.T,ベルーナ,1
